PARAMETER,YEAR,LAT,LON,JAN,FEB,MAR,APR,MAY,JUN,JUL,AUG,SEP,OCT,NOV,DEC,ANN
T2M,1995,39.75,-72.25,7.33,4.62,7.08,8.85,12.86,17.84,22.34,22.79,20.21,17.97,11.54,6.02,13.35
T2M,1995,39.75,-72.75,6.56,3.77,6.64,8.51,12.7,17.88,22.42,22.76,20.25,17.67,11.05,5.34,13.02
T2M,1995,39.75,-73.25,5.73,2.81,6.09,8.35,12.7,18.13,22.73,22.92,20.37,17.49,10.45,4.45,12.75
T2M,1995,39.75,-73.75,4.76,1.8,5.6,8.4,13.12,18.68,23.38,23.35,20.44,17.32,9.56,3.14,12.53
T2M,1995,39.75,-74.25,3.37,0.25,5.54,9.05,14.34,19.93,24.44,24.02,20.18,16.24,7.25,0.44,12.16
T2M,1995,39.75,-74.75,2.38,-0.86,5.5,9.39,15.13,20.89,25.24,24.66,19.96,15.31,5.49,-1.45,11.88
T2M,1995,39.75,-75.25,1.75,-1.48,5.42,9.44,15.46,21.45,25.58,25.04,19.78,14.73,4.48,-2.36,11.69
T2M,1995,40.25,-72.25,5.97,3.03,5.6,7.69,11.86,17.09,21.73,22.25,19.59,17.15,10.61,4.85,12.35
T2M,1995,40.25,-72.75,5.25,2.2,5.32,7.69,12.02,17.56,22.14,22.49,19.78,16.93,10.02,4.05,12.19
T2M,1995,40.25,-73.25,4.47,1.31,5.0,7.84,12.47,18.26,22.83,22.94,19.98,16.74,9.18,2.88,12.06
T2M,1995,40.25,-73.75,3.64,0.55,4.82,8.01,13.17,19.03,23.56,23.49,20.02,16.46,8.17,1.61,11.95
T2M,1995,40.25,-74.25,2.26,-1.05,4.86,8.53,14.29,20.36,24.67,24.21,19.53,15.15,5.75,-1.01,11.54
T2M,1995,40.25,-74.75,1.29,-2.05,4.73,8.57,14.67,21.0,25.04,24.62,19.1,14.23,4.21,-2.56,11.15
T2M,1995,40.25,-75.25,0.58,-2.62,4.52,8.36,14.68,21.13,24.87,24.74,18.8,13.67,3.32,-3.34,10.81
T2M,1995,40.75,-72.25,4.24,0.95,4.22,7.11,11.71,17.4,21.87,22.25,19.08,16.25,9.02,2.66,11.46
T2M,1995,40.75,-72.75,3.5,0.07,4.01,7.29,12.17,18.18,22.56,22.73,19.3,16.02,8.24,1.69,11.39
T2M,1995,40.75,-73.25,2.74,-0.76,3.91,7.51,12.8,19.04,23.34,23.24,19.35,15.68,7.25,0.53,11.3
T2M,1995,40.75,-73.75,1.73,-1.49,4.05,7.71,13.53,19.99,24.15,23.77,19.09,14.93,5.78,-1.05,11.09
T2M,1995,40.75,-74.25,0.63,-2.74,3.88,7.69,13.89,20.53,24.51,24.02,18.44,13.82,4.03,-2.6,10.59
T2M,1995,40.75,-74.75,-0.15,-3.51,3.61,7.39,13.79,20.53,24.3,24.08,17.89,13.07,2.88,-3.59,10.11
T2M,1995,40.75,-75.25,-0.78,-4.0,3.32,6.99,13.52,20.21,23.79,23.96,17.5,12.59,2.12,-4.22,9.67
T2M,1995,41.25,-72.25,1.95,-1.52,3.15,6.91,12.29,18.5,22.91,22.58,18.22,14.78,6.35,-0.87,10.51
T2M,1995,41.25,-72.75,1.15,-2.3,3.03,6.96,12.67,19.18,23.46,22.93,18.21,14.44,5.5,-1.75,10.37
T2M,1995,41.25,-73.25,0.38,-3.06,2.98,6.94,13.01,19.76,23.85,23.15,17.99,13.98,4.59,-2.54,10.17
T2M,1995,41.25,-73.75,-0.41,-3.66,3.15,7.05,13.42,20.42,24.4,23.56,17.72,13.27,3.35,-3.75,9.96
T2M,1995,41.25,-74.25,-1.1,-4.45,2.86,6.6,13.1,20.21,24.04,23.37,17.15,12.54,2.32,-4.39,9.44
T2M,1995,41.25,-74.75,-1.6,-4.97,2.51,6.11,12.74,19.81,23.51,23.25,16.68,12.07,1.58,-4.85,8.99
T2M,1995,41.25,-75.25,-2.02,-5.37,2.17,5.61,12.32,19.27,22.93,22.99,16.21,11.68,0.97,-5.22,8.55
T2M,1995,41.75,-72.25,-0.29,-3.75,2.34,6.39,12.52,19.22,23.66,22.46,17.02,13.09,3.74,-4.01,9.45
T2M,1995,41.75,-72.75,-1.03,-4.32,2.26,6.22,12.59,19.53,23.77,22.5,16.8,12.72,3.06,-4.55,9.22
T2M,1995,41.75,-73.25,-1.75,-4.94,2.1,5.94,12.53,19.69,23.68,22.43,16.43,12.29,2.34,-5.07,8.89
T2M,1995,41.75,-73.75,-1.79,-4.99,2.33,6.12,12.72,20.08,24.01,22.83,16.56,12.23,2.06,-5.17,9.01
T2M,1995,41.75,-74.25,-2.41,-5.97,1.66,5.24,11.87,19.27,23.02,22.14,15.72,11.44,0.99,-5.84,8.18
T2M,1995,41.75,-74.75,-2.83,-6.49,1.24,4.71,11.43,18.78,22.44,21.94,15.31,11.01,0.28,-6.17,7.73
T2M,1995,41.75,-75.25,-2.93,-6.57,1.12,4.46,11.28,18.59,22.29,21.98,15.15,10.88,-0.02,-6.21,7.6
T2M,1996,39.75,-72.25,5.13,3.78,4.39,7.91,12.07,18.68,20.39,21.18,19.37,14.74,9.34,8.67,12.17
T2M,1996,39.75,-72.75,4.52,3.19,3.92,7.54,12.17,18.96,20.65,21.49,19.68,14.64,9.14,8.35,12.05
T2M,1996,39.75,-73.25,3.78,2.62,3.48,7.44,12.39,19.24,20.94,21.85,20.1,14.69,8.82,7.95,11.97
T2M,1996,39.75,-73.75,2.57,1.92,3.04,7.74,12.73,19.54,21.27,22.15,20.34,14.71,8.15,7.23,11.81
T2M,1996,39.75,-74.25,0.27,0.79,2.34,8.68,13.71,20.27,21.84,22.18,19.92,13.69,6.04,5.45,11.29
T2M,1996,39.75,-74.75,-1.54,0.08,1.88,9.37,14.32,20.71,22.1,22.09,19.53,12.78,4.56,4.16,10.86
T2M,1996,39.75,-75.25,-2.67,-0.31,1.63,9.69,14.58,20.95,22.18,22.14,19.39,12.26,3.86,3.37,10.62
T2M,1996,40.25,-72.25,3.72,2.33,3.19,7.02,11.67,18.18,20.05,20.87,18.87,14.17,8.71,7.93,11.42
T2M,1996,40.25,-72.75,3.06,1.8,2.82,7.0,11.95,18.64,20.47,21.36,19.28,14.22,8.43,7.54,11.41
T2M,1996,40.25,-73.25,2.05,1.27,2.48,7.22,12.33,19.14,20.91,21.85,19.68,14.18,7.8,6.88,11.35
T2M,1996,40.25,-73.75,0.76,0.76,2.22,7.65,12.72,19.46,21.25,22.09,19.86,13.99,6.98,5.99,11.17
T2M,1996,40.25,-74.25,-1.58,-0.31,1.46,8.57,13.6,20.14,21.68,22.07,19.35,12.73,4.86,4.12,10.59
T2M,1996,40.25,-74.75,-3.12,-0.93,0.99,8.99,13.94,20.38,21.7,21.9,18.95,11.91,3.69,2.92,10.14
T2M,1996,40.25,-75.25,-4.04,-1.3,0.72,9.06,13.96,20.41,21.55,21.86,18.71,11.42,3.11,2.18,9.83
T2M,1996,40.75,-72.25,1.53,0.53,1.91,6.79,11.77,18.07,20.07,20.91,18.69,13.61,7.45,6.57,10.69
T2M,1996,40.75,-72.75,0.58,-0.03,1.57,6.99,12.16,18.56,20.58,21.45,19.07,13.53,6.9,5.94,10.65
T2M,1996,40.75,-73.25,-0.55,-0.5,1.29,7.32,12.58,19.09,21.0,21.9,19.29,13.26,6.13,5.11,10.53
T2M,1996,40.75,-73.75,-2.06,-0.96,1.06,7.78,12.95,19.5,21.28,22.06,19.2,12.52,4.86,3.87,10.2
T2M,1996,40.75,-74.25,-3.68,-1.72,0.46,8.12,13.21,19.76,21.25,21.87,18.66,11.48,3.52,2.4,9.64
T2M,1996,40.75,-74.75,-4.67,-2.21,0.05,8.15,13.16,19.7,20.94,21.44,18.14,10.83,2.72,1.44,9.17
T2M,1996,40.75,-75.25,-5.31,-2.54,-0.22,7.98,12.97,19.54,20.55,21.09,17.71,10.4,2.2,0.86,8.8
T2M,1996,41.25,-72.25,-1.88,-1.56,0.58,6.88,12.26,18.48,20.44,21.25,18.36,12.14,4.91,4.1,9.7
T2M,1996,41.25,-72.75,-2.89,-2.06,0.28,7.02,12.5,18.79,20.7,21.56,18.51,11.87,4.31,3.39,9.53
T2M,1996,41.25,-73.25,-3.8,-2.46,-0.01,7.17,12.66,19.04,20.75,21.63,18.46,11.45,3.71,2.61,9.3
T2M,1996,41.25,-73.75,-4.86,-2.71,-0.2,7.49,12.88,19.37,20.85,21.56,18.19,10.76,2.73,1.59,9.0
T2M,1996,41.25,-74.25,-5.65,-3.21,-0.61,7.3,12.57,19.2,20.45,21.09,17.59,10.09,2.11,0.68,8.5
T2M,1996,41.25,-74.75,-6.08,-3.55,-0.93,7.03,12.25,18.93,19.98,20.5,17.02,9.64,1.62,0.04,8.06
T2M,1996,41.25,-75.25,-6.44,-3.84,-1.24,6.7,11.89,18.64,19.49,19.94,16.49,9.29,1.16,-0.33,7.67
T2M,1996,41.75,-72.25,-4.97,-3.3,-0.67,6.59,12.4,18.68,20.4,21.26,17.59,10.31,2.49,1.69,8.57
T2M,1996,41.75,-72.75,-5.65,-3.66,-0.92,6.52,12.33,18.71,20.26,21.13,17.46,9.99,2.05,1.09,8.31
T2M,1996,41.75,-73.25,-6.29,-4.04,-1.2,6.42,12.15,18.67,20.0,20.73,17.17,9.58,1.59,0.43,7.97
T2M,1996,41.75,-73.75,-6.46,-3.85,-1.05,6.71,12.3,19.01,20.14,20.77,17.26,9.61,1.58,0.16,8.05
T2M,1996,41.75,-74.25,-7.17,-4.6,-1.81,6.01,11.46,18.35,19.31,19.81,16.3,8.81,0.96,-0.65,7.26
T2M,1996,41.75,-74.75,-7.42,-4.94,-2.15,5.59,11.04,18.0,18.81,19.24,15.72,8.37,0.49,-1.09,6.83
T2M,1996,41.75,-75.25,-7.46,-4.98,-2.21,5.48,10.92,17.95,18.61,19.02,15.5,8.3,0.19,-1.14,6.71
T2M,1997,39.75,-72.25,4.6,5.86,6.29,7.99,11.94,16.34,22.15,21.95,20.3,16.02,11.79,7.87,12.8
T2M,1997,39.75,-72.75,4.13,5.43,6.12,8.11,12.28,16.76,22.28,22.06,20.16,15.78,11.3,7.55,12.71
T2M,1997,39.75,-73.25,3.5,4.95,5.88,8.28,12.7,17.3,22.46,22.2,20.09,15.55,10.66,6.94,12.59
T2M,1997,39.75,-73.75,2.61,4.31,5.65,8.48,13.08,17.98,22.62,22.34,20.01,15.31,9.79,5.94,12.39
T2M,1997,39.75,-74.25,0.83,3.32,5.39,8.64,13.51,19.01,22.9,22.21,19.49,14.28,7.88,3.84,11.82
T2M,1997,39.75,-74.75,-0.45,2.63,5.16,8.7,13.77,19.78,23.46,22.41,19.26,13.59,6.55,2.44,11.49
T2M,1997,39.75,-75.25,-1.16,2.18,4.96,8.75,13.93,20.46,24.23,22.8,19.16,13.24,5.85,1.76,11.4
T2M,1997,40.25,-72.25,3.56,4.86,5.33,7.66,11.71,16.44,21.7,21.51,19.57,15.31,10.58,6.94,12.14
T2M,1997,40.25,-72.75,3.03,4.44,5.2,7.82,12.1,17.05,22.03,21.79,19.55,15.14,10.1,6.42,12.1
T2M,1997,40.25,-73.25,2.23,3.95,5.01,7.98,12.51,17.8,22.45,22.13,19.58,14.86,9.31,5.55,11.99
T2M,1997,40.25,-73.75,1.33,3.47,4.94,8.19,12.85,18.53,22.72,22.29,19.5,14.51,8.38,4.57,11.82
T2M,1997,40.25,-74.25,-0.52,2.36,4.5,8.28,13.25,19.48,23.15,22.08,18.9,13.35,6.36,2.45,11.19
T2M,1997,40.25,-74.75,-1.66,1.6,4.12,8.22,13.35,19.92,23.5,22.03,18.48,12.6,5.15,1.23,10.76
T2M,1997,40.25,-75.25,-2.35,1.07,3.81,8.1,13.3,20.25,23.76,22.06,18.15,12.16,4.53,0.64,10.51
T2M,1997,40.75,-72.25,1.87,3.47,4.15,7.42,11.63,16.98,21.75,21.31,18.99,14.42,8.86,5.06,11.37
T2M,1997,40.75,-72.75,1.15,2.93,3.94,7.57,12.03,17.7,22.18,21.71,19.06,14.21,8.23,4.24,11.29
T2M,1997,40.75,-73.25,0.27,2.41,3.73,7.71,12.4,18.48,22.59,22.02,19.03,13.8,7.37,3.31,11.14
T2M,1997,40.75,-73.75,-0.94,1.96,3.61,7.78,12.65,19.19,23.01,22.1,18.67,13.0,6.05,2.04,10.81
T2M,1997,40.75,-74.25,-2.33,1.08,3.1,7.61,12.69,19.6,23.13,21.71,17.95,12.02,4.57,0.66,10.2
T2M,1997,40.75,-74.75,-3.18,0.36,2.67,7.33,12.51,19.56,22.97,21.31,17.33,11.34,3.68,-0.13,9.7
T2M,1997,40.75,-75.25,-3.78,-0.21,2.35,7.03,12.23,19.46,22.72,20.95,16.83,10.85,3.13,-0.6,9.3
T2M,1997,41.25,-72.25,-0.8,1.65,2.61,7.0,11.63,17.89,22.34,21.1,18.32,12.78,6.06,2.01,10.26
T2M,1997,41.25,-72.75,-1.57,1.13,2.37,7.05,11.89,18.41,22.5,21.33,18.24,12.42,5.36,1.24,10.08
T2M,1997,41.25,-73.25,-2.34,0.64,2.12,7.05,12.06,18.81,22.48,21.4,17.92,11.89,4.63,0.54,9.82
T2M,1997,41.25,-73.75,-3.36,0.18,1.99,7.06,12.19,19.24,22.76,21.48,17.45,11.13,3.63,-0.45,9.49
T2M,1997,41.25,-74.25,-4.17,-0.39,1.53,6.63,11.82,19.06,22.37,20.94,16.74,10.45,2.78,-1.12,8.94
T2M,1997,41.25,-74.75,-4.7,-0.99,1.19,6.17,11.42,18.74,21.93,20.43,16.15,10.01,2.28,-1.53,8.48
T2M,1997,41.25,-75.25,-5.11,-1.53,0.89,5.71,10.99,18.39,21.41,19.87,15.61,9.59,1.86,-1.85,8.04
T2M,1997,41.75,-72.25,-3.35,-0.09,1.02,6.27,11.4,18.37,22.27,20.61,17.38,10.89,3.35,-0.65,9.0
T2M,1997,41.75,-72.75,-3.95,-0.5,0.76,6.15,11.4,18.51,22.06,20.57,17.01,10.43,2.77,-1.19,8.72
T2M,1997,41.75,-73.25,-4.59,-0.97,0.45,5.92,11.28,18.47,21.72,20.44,16.44,9.84,2.18,-1.72,8.34
T2M,1997,41.75,-73.75,-4.8,-1.09,0.66,6.14,11.52,18.76,21.98,20.8,16.38,9.79,2.16,-1.74,8.43
T2M,1997,41.75,-74.25,-5.66,-1.98,-0.08,5.26,10.59,18.01,20.89,19.84,15.43,8.98,1.36,-2.39,7.57
T2M,1997,41.75,-74.75,-6.14,-2.73,-0.41,4.75,10.09,17.63,20.33,19.28,14.86,8.6,0.97,-2.84,7.09
T2M,1997,41.75,-75.25,-6.19,-2.94,-0.42,4.58,9.93,17.55,20.11,19.02,14.65,8.48,0.84,-2.98,6.94
T2M,1998,39.75,-72.25,7.18,5.83,5.69,8.3,12.19,17.6,22.21,22.79,21.21,15.84,11.24,8.94,13.3
T2M,1998,39.75,-72.75,6.92,5.77,5.74,8.56,12.26,17.74,22.49,22.94,21.25,15.85,11.15,8.66,13.33
T2M,1998,39.75,-73.25,6.42,5.65,5.79,8.95,12.68,18.06,22.78,23.11,21.26,15.75,10.92,8.3,13.35
T2M,1998,39.75,-73.75,5.64,5.33,5.81,9.42,13.53,18.58,23.04,23.33,21.3,15.54,10.43,7.66,13.35
T2M,1998,39.75,-74.25,4.49,4.4,5.86,10.25,15.18,19.5,23.1,23.38,21.09,14.5,8.82,5.96,13.09
T2M,1998,39.75,-74.75,3.69,3.77,5.88,10.93,16.39,20.16,23.31,23.82,21.35,13.83,7.72,4.85,13.03
T2M,1998,39.75,-75.25,3.18,3.39,5.78,11.25,17.07,20.47,23.71,24.28,21.62,13.45,7.2,4.38,13.04
T2M,1998,40.25,-72.25,6.12,5.07,5.21,8.01,11.82,17.1,21.83,22.49,20.58,15.24,10.57,8.09,12.73
T2M,1998,40.25,-72.75,5.76,4.89,5.21,8.33,12.22,17.49,22.18,22.75,20.69,15.19,10.35,7.74,12.78
T2M,1998,40.25,-73.25,5.2,4.58,5.22,8.78,12.99,18.02,22.56,23.06,20.81,14.99,9.9,7.18,12.83
T2M,1998,40.25,-73.75,4.56,4.23,5.35,9.27,13.96,18.56,22.88,23.41,20.94,14.73,9.31,6.45,12.86
T2M,1998,40.25,-74.25,3.43,3.24,5.33,10.01,15.56,19.39,23.07,23.62,20.74,13.66,7.66,4.73,12.59
T2M,1998,40.25,-74.75,2.65,2.64,5.19,10.39,16.5,19.79,23.05,23.83,20.66,12.92,6.64,3.78,12.39
T2M,1998,40.25,-75.25,2.11,2.23,4.95,10.47,16.93,19.87,22.95,23.82,20.56,12.4,6.09,3.34,12.2
T2M,1998,40.75,-72.25,4.52,3.81,4.54,7.94,12.41,17.07,21.55,22.32,19.95,14.38,9.4,6.74,12.1
T2M,1998,40.75,-72.75,3.98,3.41,4.49,8.3,13.09,17.62,21.96,22.71,20.15,14.23,8.97,6.18,12.14
T2M,1998,40.75,-73.25,3.43,2.97,4.5,8.74,13.93,18.21,22.41,23.14,20.37,13.95,8.39,5.5,12.19
T2M,1998,40.75,-73.75,2.67,2.54,4.64,9.21,14.93,18.69,22.72,23.62,20.42,13.36,7.35,4.44,12.11
T2M,1998,40.75,-74.25,1.76,1.69,4.37,9.46,15.83,18.98,22.61,23.55,20.01,12.51,6.23,3.3,11.75
T2M,1998,40.75,-74.75,1.14,1.14,4.02,9.47,16.27,18.99,22.15,23.24,19.59,11.81,5.41,2.65,11.39
T2M,1998,40.75,-75.25,0.68,0.71,3.66,9.34,16.41,18.87,21.63,22.77,19.18,11.25,4.84,2.25,11.03
T2M,1998,41.25,-72.25,2.13,2.0,3.74,8.16,13.71,17.52,21.5,22.34,19.32,12.85,7.17,4.41,11.29
T2M,1998,41.25,-72.75,1.53,1.54,3.65,8.41,14.33,17.96,21.79,22.74,19.48,12.59,6.66,3.81,11.27
T2M,1998,41.25,-73.25,1.03,1.09,3.56,8.64,14.88,18.29,21.97,22.98,19.52,12.25,6.12,3.26,11.19
T2M,1998,41.25,-73.75,0.51,0.75,3.63,8.92,15.62,18.57,22.0,23.19,19.47,11.71,5.21,2.34,11.06
T2M,1998,41.25,-74.25,-0.08,0.18,3.14,8.73,15.79,18.33,21.44,22.67,18.94,11.12,4.62,1.81,10.62
T2M,1998,41.25,-74.75,-0.48,-0.3,2.68,8.48,15.83,18.06,20.83,22.07,18.46,10.66,4.16,1.5,10.22
T2M,1998,41.25,-75.25,-0.78,-0.75,2.26,8.19,15.72,17.79,20.23,21.43,17.97,10.22,3.76,1.24,9.84
T2M,1998,41.75,-72.25,-0.36,0.29,2.88,8.19,14.65,17.87,21.42,22.41,18.77,11.24,4.92,2.15,10.43
T2M,1998,41.75,-72.75,-0.83,-0.19,2.66,8.21,14.97,17.99,21.37,22.53,18.64,10.9,4.49,1.7,10.26
T2M,1998,41.75,-73.25,-1.32,-0.7,2.38,8.12,15.16,17.97,21.09,22.25,18.32,10.49,4.01,1.27,9.98
T2M,1998,41.75,-73.75,-1.26,-0.55,2.56,8.38,15.64,18.16,21.08,22.35,18.45,10.49,3.91,1.08,10.08
T2M,1998,41.75,-74.25,-1.72,-1.31,1.73,7.63,15.17,17.41,20.11,21.15,17.59,9.81,3.28,0.61,9.35
T2M,1998,41.75,-74.75,-1.97,-1.78,1.24,7.23,15.02,17.03,19.52,20.47,17.08,9.46,2.97,0.27,8.94
T2M,1998,41.75,-75.25,-1.94,-1.95,1.1,7.16,15.06,16.96,19.24,20.23,16.91,9.32,2.9,0.21,8.83
T2M,1999,39.75,-72.25,6.33,5.66,6.04,8.74,13.01,18.95,22.89,23.31,21.33,16.82,13.28,9.78,13.89
T2M,1999,39.75,-72.75,5.79,5.22,5.72,8.58,12.97,18.9,23.04,23.3,21.1,16.51,12.95,9.22,13.66
T2M,1999,39.75,-73.25,5.08,4.68,5.33,8.62,13.19,19.02,23.32,23.35,20.91,16.23,12.54,8.44,13.44
T2M,1999,39.75,-73.75,4.15,3.96,4.91,8.85,13.72,19.4,23.83,23.5,20.8,15.75,11.94,7.31,13.23
T2M,1999,39.75,-74.25,2.55,2.79,4.3,9.42,14.95,20.44,25.32,23.83,20.32,14.17,10.51,4.99,12.86
T2M,1999,39.75,-74.75,1.4,2.06,3.89,9.88,15.78,21.35,26.6,24.29,19.92,12.87,9.43,3.4,12.63
T2M,1999,39.75,-75.25,0.71,1.66,3.61,10.12,16.2,22.04,27.22,24.59,19.63,12.08,8.85,2.55,12.49
T2M,1999,40.25,-72.25,5.02,4.48,5.08,8.19,12.65,18.47,22.52,22.76,20.78,16.0,12.34,8.44,13.11
T2M,1999,40.25,-72.75,4.46,4.02,4.83,8.39,13.0,18.83,23.02,22.89,20.66,15.72,11.99,7.8,13.02
T2M,1999,40.25,-73.25,3.65,3.45,4.5,8.63,13.53,19.37,23.77,23.18,20.54,15.25,11.46,6.86,12.9
T2M,1999,40.25,-73.75,2.74,2.94,4.25,8.86,14.09,19.95,24.56,23.48,20.35,14.56,10.78,5.76,12.75
T2M,1999,40.25,-74.25,1.09,1.78,3.64,9.26,15.09,21.1,26.15,23.78,19.73,12.8,9.3,3.48,12.32
T2M,1999,40.25,-74.75,0.0,1.05,3.18,9.44,15.55,21.72,26.92,23.91,19.24,11.67,8.37,2.13,11.99
T2M,1999,40.25,-75.25,-0.73,0.59,2.77,9.44,15.76,22.05,27.07,23.9,18.88,11.0,7.86,1.42,11.72
T2M,1999,40.75,-72.25,3.13,2.88,4.07,8.18,13.06,18.75,22.86,22.53,20.22,14.78,11.09,6.38,12.38
T2M,1999,40.75,-72.75,2.4,2.3,3.78,8.44,13.62,19.42,23.69,22.82,20.16,14.38,10.62,5.56,12.32
T2M,1999,40.75,-73.25,1.57,1.77,3.47,8.67,14.17,20.15,24.6,23.15,20.0,13.76,10.0,4.62,12.22
T2M,1999,40.75,-73.75,0.42,1.3,3.25,8.83,14.66,21.0,25.62,23.44,19.59,12.6,8.99,3.23,11.97
T2M,1999,40.75,-74.25,-0.85,0.46,2.63,8.85,15.0,21.6,26.32,23.38,18.95,11.26,7.9,1.71,11.49
T2M,1999,40.75,-74.75,-1.74,-0.19,2.08,8.7,15.07,21.66,26.38,23.12,18.46,10.42,7.22,0.85,11.06
T2M,1999,40.75,-75.25,-2.42,-0.64,1.55,8.44,15.05,21.48,26.06,22.78,18.05,9.84,6.75,0.3,10.66
T2M,1999,41.25,-72.25,0.51,0.9,2.86,8.27,14.01,19.96,24.09,22.49,19.42,12.68,9.11,3.39,11.53
T2M,1999,41.25,-72.75,-0.28,0.41,2.55,8.36,14.39,20.51,24.67,22.65,19.27,12.12,8.59,2.6,11.38
T2M,1999,41.25,-73.25,-1.08,-0.03,2.22,8.35,14.6,20.89,25.06,22.68,18.98,11.48,8.0,1.85,11.14
T2M,1999,41.25,-73.75,-2.08,-0.4,1.98,8.37,14.83,21.48,25.74,22.85,18.64,10.53,7.15,0.77,10.88
T2M,1999,41.25,-74.25,-2.92,-0.93,1.37,8.05,14.6,21.36,25.53,22.47,18.11,9.75,6.47,-0.01,10.38
T2M,1999,41.25,-74.75,-3.49,-1.36,0.79,7.7,14.43,21.02,25.17,22.04,17.72,9.22,6.06,-0.48,9.96
T2M,1999,41.25,-75.25,-4.01,-1.74,0.21,7.28,14.22,20.54,24.6,21.52,17.31,8.78,5.74,-0.87,9.52
T2M,1999,41.75,-72.25,-1.98,-0.79,1.68,8.0,14.61,21.0,24.79,22.19,18.62,10.5,7.21,0.79,10.61
T2M,1999,41.75,-72.75,-2.67,-1.15,1.35,7.83,14.61,21.05,24.72,22.03,18.36,9.97,6.73,0.2,10.31
T2M,1999,41.75,-73.25,-3.46,-1.57,0.91,7.51,14.42,20.81,24.46,21.71,17.97,9.37,6.15,-0.43,9.88
T2M,1999,41.75,-73.75,-3.8,-1.49,0.94,7.6,14.52,21.04,24.76,21.96,18.05,9.23,5.99,-0.55,9.91
T2M,1999,41.75,-74.25,-4.66,-2.15,-0.08,6.81,13.74,20.19,23.8,21.03,17.21,8.47,5.26,-1.38,9.07
T2M,1999,41.75,-74.75,-5.11,-2.51,-0.79,6.34,13.45,19.7,23.26,20.56,16.85,8.01,4.93,-1.82,8.63
T2M,1999,41.75,-75.25,-5.31,-2.63,-1.09,6.14,13.45,19.54,23.08,20.39,16.75,7.86,4.91,-1.96,8.48
T2M,2000,39.75,-72.25,5.42,6.18,7.84,9.39,14.01,17.73,21.55,22.5,20.21,15.68,10.6,5.65,13.09
T2M,2000,39.75,-72.75,4.74,5.57,7.39,9.02,13.8,17.79,21.7,22.47,19.98,15.48,10.38,5.09,12.81
T2M,2000,39.75,-73.25,3.83,4.76,6.99,8.85,13.87,18.14,21.88,22.49,19.8,15.33,10.04,4.39,12.56
T2M,2000,39.75,-73.75,2.65,3.84,6.71,8.92,14.48,18.94,22.03,22.51,19.69,15.12,9.4,3.37,12.33
T2M,2000,39.75,-74.25,0.48,2.49,6.97,9.44,15.69,20.41,22.18,22.38,19.07,14.02,7.64,1.04,11.84
T2M,2000,39.75,-74.75,-0.97,1.49,7.2,9.79,16.41,21.28,22.29,22.22,18.54,13.2,6.46,-0.6,11.47
T2M,2000,39.75,-75.25,-1.66,0.92,7.24,9.91,16.73,21.63,22.4,22.26,18.26,12.83,5.9,-1.47,11.27
T2M,2000,40.25,-72.25,3.87,4.8,6.52,8.39,13.11,17.15,21.03,21.79,19.43,14.89,9.93,4.55,12.14
T2M,2000,40.25,-72.75,3.11,4.14,6.35,8.28,13.29,17.59,21.33,21.93,19.4,14.8,9.67,3.87,12.0
T2M,2000,40.25,-73.25,2.11,3.31,6.24,8.37,13.74,18.3,21.65,22.1,19.37,14.63,9.15,2.96,11.85
T2M,2000,40.25,-73.75,1.04,2.5,6.16,8.58,14.46,19.19,21.89,22.14,19.23,14.33,8.44,1.96,11.69
T2M,2000,40.25,-74.25,-1.08,1.06,6.45,8.99,15.54,20.52,22.1,21.89,18.48,13.16,6.67,-0.32,11.15
T2M,2000,40.25,-74.75,-2.24,0.11,6.54,9.14,16.0,21.0,22.09,21.68,17.98,12.46,5.63,-1.72,10.75
T2M,2000,40.25,-75.25,-2.82,-0.38,6.44,9.11,16.11,21.05,21.95,21.66,17.66,12.11,5.04,-2.56,10.48
T2M,2000,40.75,-72.25,1.58,2.85,5.4,7.84,12.94,17.3,20.76,21.31,18.82,14.1,8.91,2.76,11.24
T2M,2000,40.75,-72.75,0.67,2.12,5.42,7.91,13.43,17.98,21.12,21.54,18.89,13.97,8.43,1.9,11.14
T2M,2000,40.75,-73.25,-0.27,1.35,5.55,8.08,14.07,18.79,21.36,21.7,18.81,13.66,7.75,0.92,11.01
T2M,2000,40.75,-73.75,-1.58,0.44,5.63,8.23,14.73,19.63,21.53,21.65,18.41,13.01,6.71,-0.44,10.69
T2M,2000,40.75,-74.25,-2.89,-0.71,5.63,8.22,15.2,20.23,21.42,21.19,17.68,12.18,5.47,-1.99,10.16
T2M,2000,40.75,-74.75,-3.64,-1.41,5.52,8.13,15.29,20.23,21.1,20.85,17.21,11.71,4.64,-3.0,9.75
T2M,2000,40.75,-75.25,-4.11,-1.79,5.28,7.99,15.18,19.98,20.66,20.69,16.84,11.36,4.02,-3.77,9.39
T2M,2000,41.25,-72.25,-1.62,0.63,4.66,7.59,13.37,18.12,20.61,20.94,18.15,12.71,6.97,-0.14,10.19
T2M,2000,41.25,-72.75,-2.47,-0.12,4.7,7.62,13.83,18.6,20.7,20.97,18.05,12.43,6.35,-0.99,10.0
T2M,2000,41.25,-73.25,-3.2,-0.91,4.73,7.59,14.28,19.0,20.51,20.8,17.7,12.0,5.64,-1.82,9.72
T2M,2000,41.25,-73.75,-4.17,-1.76,4.78,7.6,14.72,19.53,20.46,20.71,17.21,11.37,4.76,-2.9,9.39
T2M,2000,41.25,-74.25,-4.75,-2.47,4.53,7.27,14.61,19.42,20.0,20.19,16.6,10.91,4.02,-3.74,8.91
T2M,2000,41.25,-74.75,-5.11,-2.9,4.3,7.04,14.44,19.16,19.58,19.87,16.28,10.69,3.46,-4.33,8.57
T2M,2000,41.25,-75.25,-5.43,-3.1,4.01,6.83,14.22,18.82,19.09,19.62,15.96,10.4,2.91,-4.94,8.23
T2M,2000,41.75,-72.25,-4.43,-1.28,4.0,7.1,13.61,18.59,20.16,20.38,17.24,11.09,4.9,-2.81,9.07
T2M,2000,41.75,-72.75,-5.04,-2.02,3.86,6.96,13.77,18.59,19.84,20.09,16.85,10.66,4.35,-3.44,8.73
T2M,2000,41.75,-73.25,-5.65,-2.88,3.61,6.69,13.82,18.48,19.27,19.62,16.19,10.11,3.68,-4.13,8.26
T2M,2000,41.75,-73.75,-5.63,-3.18,3.77,6.89,14.15,18.76,19.31,19.73,16.07,10.08,3.56,-4.22,8.3
T2M,2000,41.75,-74.25,-6.31,-3.89,3.16,6.1,13.54,18.14,18.42,18.91,15.24,9.47,2.78,-5.18,7.56
T2M,2000,41.75,-74.75,-6.65,-4.36,2.87,5.78,13.31,17.83,18.01,18.58,14.94,9.23,2.28,-5.69,7.21
T2M,2000,41.75,-75.25,-6.65,-4.31,2.84,5.79,13.38,17.81,17.88,18.61,14.99,9.2,1.99,-5.93,7.16
T2M,2001,39.75,-72.25,4.79,4.72,5.27,8.08,13.18,19.46,21.61,23.65,21.14,16.77,13.72,10.49,13.62
T2M,2001,39.75,-72.75,4.33,4.26,4.79,7.75,13.03,19.5,21.62,23.56,20.95,16.38,13.47,10.11,13.37
T2M,2001,39.75,-73.25,3.63,3.76,4.47,7.77,13.26,19.81,21.68,23.57,20.73,16.02,13.16,9.61,13.18
T2M,2001,39.75,-73.75,2.66,3.21,4.22,8.36,13.99,20.33,21.88,23.78,20.48,15.72,12.75,8.88,13.07
T2M,2001,39.75,-74.25,0.6,2.31,3.81,9.65,15.36,21.42,22.31,24.33,19.95,14.76,11.57,7.23,12.83
T2M,2001,39.75,-74.75,-0.76,1.69,3.52,10.57,16.18,22.03,22.73,24.89,19.6,14.07,10.7,6.01,12.66
T2M,2001,39.75,-75.25,-1.35,1.31,3.26,10.99,16.52,22.33,23.11,25.21,19.33,13.69,10.26,5.3,12.55
T2M,2001,40.25,-72.25,3.73,3.57,4.16,7.25,12.6,18.8,21.01,23.05,20.47,15.98,12.93,9.47,12.8
T2M,2001,40.25,-72.75,3.11,3.13,3.86,7.39,12.92,19.15,21.2,23.2,20.38,15.68,12.66,9.07,12.7
T2M,2001,40.25,-73.25,2.17,2.58,3.63,7.86,13.55,19.79,21.49,23.56,20.25,15.36,12.22,8.47,12.63
T2M,2001,40.25,-73.75,1.19,2.16,3.52,8.6,14.35,20.41,21.87,24.07,20.06,15.07,11.76,7.76,12.63
T2M,2001,40.25,-74.25,-0.96,1.2,3.02,9.71,15.57,21.42,22.38,24.75,19.47,13.99,10.55,6.03,12.32
T2M,2001,40.25,-74.75,-2.07,0.52,2.61,10.24,16.03,21.76,22.64,25.0,19.01,13.26,9.73,4.88,12.03
T2M,2001,40.25,-75.25,-2.52,0.09,2.23,10.35,16.12,21.87,22.78,24.98,18.62,12.8,9.28,4.18,11.79
T2M,2001,40.75,-72.25,1.87,2.05,3.11,7.15,12.73,18.74,20.69,22.83,19.78,15.09,11.8,8.02,12.04
T2M,2001,40.75,-72.75,0.98,1.56,2.84,7.54,13.37,19.3,21.11,23.31,19.74,14.82,11.42,7.44,12.01
T2M,2001,40.75,-73.25,-0.07,1.03,2.59,8.2,14.16,20.06,21.6,23.92,19.65,14.48,10.95,6.77,12.0
T2M,2001,40.75,-73.75,-1.5,0.52,2.39,8.91,14.95,20.79,22.06,24.59,19.33,13.81,10.15,5.73,11.87
T2M,2001,40.75,-74.25,-2.9,-0.36,1.81,9.33,15.45,21.11,22.09,24.75,18.66,12.89,9.25,4.46,11.44
T2M,2001,40.75,-74.75,-3.47,-0.97,1.3,9.36,15.48,21.04,21.96,24.54,18.05,12.22,8.61,3.6,11.04
T2M,2001,40.75,-75.25,-3.64,-1.36,0.87,9.2,15.3,20.91,21.76,24.16,17.48,11.63,8.11,2.97,10.68
T2M,2001,41.25,-72.25,-1.07,0.09,1.8,7.58,13.75,19.52,20.83,23.29,18.93,13.64,9.91,5.6,11.21
T2M,2001,41.25,-72.75,-2.07,-0.37,1.5,7.91,14.23,19.89,21.22,23.77,18.8,13.31,9.46,4.96,11.11
T2M,2001,41.25,-73.25,-3.09,-0.86,1.12,8.26,14.62,20.23,21.47,24.11,18.55,12.91,9.06,4.35,10.96
T2M,2001,41.25,-73.75,-4.22,-1.33,0.89,8.74,15.06,20.68,21.76,24.53,18.25,12.29,8.37,3.47,10.77
T2M,2001,41.25,-74.25,-4.7,-2.01,0.34,8.55,14.88,20.36,21.35,24.15,17.65,11.67,7.82,2.78,10.3
T2M,2001,41.25,-74.75,-4.61,-2.45,-0.14,8.32,14.64,20.08,21.04,23.76,17.06,11.14,7.4,2.27,9.94
T2M,2001,41.25,-75.25,-4.48,-2.73,-0.57,8.01,14.31,19.75,20.62,23.23,16.39,10.53,7.0,1.8,9.55
T2M,2001,41.75,-72.25,-3.66,-1.74,0.31,7.54,14.49,20.17,20.87,23.78,18.12,12.15,7.99,3.19,10.33
T2M,2001,41.75,-72.75,-4.51,-2.18,-0.07,7.62,14.52,20.13,20.92,23.81,17.8,11.74,7.6,2.68,10.07
T2M,2001,41.75,-73.25,-5.45,-2.69,-0.55,7.59,14.36,19.87,20.7,23.59,17.33,11.27,7.19,2.15,9.68
T2M,2001,41.75,-73.75,-5.55,-2.68,-0.41,7.97,14.51,20.0,20.98,23.82,17.42,11.31,7.16,2.0,9.78
T2M,2001,41.75,-74.25,-5.84,-3.54,-1.34,7.28,13.74,19.14,19.99,22.86,16.49,10.51,6.59,1.32,9.0
T2M,2001,41.75,-74.75,-5.71,-3.97,-1.82,7.0,13.41,18.75,19.59,22.45,15.89,9.95,6.16,0.84,8.61
T2M,2001,41.75,-75.25,-5.33,-3.91,-1.96,6.96,13.37,18.66,19.51,22.3,15.52,9.64,6.02,0.67,8.52
T2M,2002,39.75,-72.25,8.37,6.83,7.62,9.89,12.87,17.87,22.5,23.45,21.1,16.6,12.4,7.94,14.0
T2M,2002,39.75,-72.75,7.76,6.47,7.22,9.89,12.94,18.07,22.76,23.57,20.98,16.41,11.81,7.36,13.81
T2M,2002,39.75,-73.25,6.93,5.94,6.79,10.0,13.2,18.46,23.1,23.76,21.03,16.26,11.23,6.51,13.65
T2M,2002,39.75,-73.75,5.9,5.26,6.51,10.43,13.76,19.17,23.6,24.14,21.21,16.07,10.48,5.27,13.53
T2M,2002,39.75,-74.25,4.17,4.39,6.54,11.75,15.13,20.71,24.73,25.06,21.25,15.0,8.54,2.83,13.39
T2M,2002,39.75,-74.75,2.92,3.79,6.48,12.56,15.93,21.8,25.56,25.83,21.22,13.96,7.08,1.03,13.23
T2M,2002,39.75,-75.25,2.21,3.43,6.28,12.81,16.23,22.46,25.96,26.21,21.13,13.2,6.26,-0.01,13.06
T2M,2002,40.25,-72.25,7.19,5.8,6.53,9.25,12.33,17.26,22.08,23.01,20.48,15.67,11.39,6.71,13.18
T2M,2002,40.25,-72.75,6.48,5.38,6.18,9.52,12.62,17.77,22.55,23.26,20.48,15.52,10.78,5.98,13.09
T2M,2002,40.25,-73.25,5.59,4.86,5.89,9.96,13.08,18.58,23.25,23.68,20.63,15.28,10.04,4.92,13.03
T2M,2002,40.25,-73.75,4.71,4.51,5.91,10.64,13.73,19.52,23.99,24.21,20.81,14.95,9.17,3.7,13.03
T2M,2002,40.25,-74.25,2.86,3.56,5.81,11.76,14.88,20.99,25.16,25.1,20.71,13.58,7.11,1.2,12.78
T2M,2002,40.25,-74.75,1.69,2.89,5.52,12.08,15.34,21.67,25.61,25.51,20.58,12.52,5.83,-0.31,12.46
T2M,2002,40.25,-75.25,1.04,2.44,5.11,11.95,15.35,21.92,25.63,25.56,20.47,11.79,5.12,-1.21,12.15
T2M,2002,40.75,-72.25,5.39,4.28,5.39,9.06,12.24,17.36,22.2,22.93,20.07,14.52,9.73,4.62,12.36
T2M,2002,40.75,-72.75,4.56,3.83,5.1,9.5,12.68,18.18,22.91,23.37,20.18,14.28,9.02,3.68,12.32
T2M,2002,40.75,-73.25,3.74,3.48,4.93,10.12,13.22,19.16,23.77,23.88,20.27,13.87,8.16,2.56,12.31
T2M,2002,40.75,-73.75,2.59,3.18,5.06,10.85,13.79,20.14,24.65,24.48,20.25,12.99,6.86,0.94,12.2
T2M,2002,40.75,-74.25,1.29,2.4,4.72,11.19,14.18,20.77,25.01,24.75,20.0,11.81,5.4,-0.71,11.78
T2M,2002,40.75,-74.75,0.47,1.75,4.23,11.0,14.2,20.86,24.9,24.69,19.72,10.95,4.48,-1.72,11.34
T2M,2002,40.75,-75.25,-0.11,1.22,3.68,10.59,13.98,20.72,24.57,24.46,19.48,10.34,3.91,-2.38,10.92
T2M,2002,41.25,-72.25,2.76,2.51,4.43,9.38,12.61,18.26,23.22,23.43,19.68,12.56,7.1,1.43,11.5
T2M,2002,41.25,-72.75,2.0,2.14,4.19,9.7,12.91,18.94,23.77,23.77,19.71,12.18,6.38,0.52,11.4
T2M,2002,41.25,-73.25,1.34,1.88,3.94,10.05,13.14,19.49,24.14,23.94,19.58,11.64,5.6,-0.41,11.24
T2M,2002,41.25,-73.75,0.33,1.55,3.92,10.48,13.42,20.14,24.67,24.31,19.51,10.81,4.47,-1.72,11.04
T2M,2002,41.25,-74.25,-0.3,1.0,3.43,10.2,13.21,20.01,24.21,24.02,19.21,10.07,3.68,-2.47,10.57
T2M,2002,41.25,-74.75,-0.78,0.46,2.87,9.74,12.93,19.74,23.7,23.73,18.9,9.53,3.15,-3.0,10.13
T2M,2002,41.25,-75.25,-1.21,-0.05,2.28,9.19,12.57,19.37,23.09,23.31,18.53,9.06,2.77,-3.42,9.67
T2M,2002,41.75,-72.25,0.38,0.96,3.53,9.55,12.82,18.93,23.93,23.75,19.25,10.5,4.62,-1.43,10.62
T2M,2002,41.75,-72.75,-0.2,0.63,3.2,9.53,12.73,19.16,23.94,23.69,19.11,10.07,4.01,-2.06,10.37
T2M,2002,41.75,-73.25,-0.78,0.27,2.75,9.38,12.48,19.14,23.67,23.42,18.79,9.49,3.31,-2.79,9.97
T2M,2002,41.75,-73.75,-0.95,0.3,2.78,9.58,12.6,19.53,23.88,23.69,18.99,9.38,3.05,-3.02,10.03
T2M,2002,41.75,-74.25,-1.55,-0.53,1.85,8.7,11.86,18.8,22.72,22.75,18.24,8.56,2.29,-3.71,9.21
T2M,2002,41.75,-74.75,-2.17,-1.07,1.27,8.14,11.43,18.41,21.93,22.35,17.89,8.11,1.85,-4.14,8.71
T2M,2002,41.75,-75.25,-2.38,-1.28,1.03,7.9,11.31,18.3,21.59,22.24,17.8,7.97,1.79,-4.29,8.55
T2M,2003,39.75,-72.25,3.3,3.42,5.28,7.25,11.13,16.22,22.0,23.97,21.57,16.13,12.58,7.55,12.59
T2M,2003,39.75,-72.75,2.86,3.02,5.1,7.12,10.93,16.14,21.99,23.68,21.36,15.86,12.47,7.25,12.37
T2M,2003,39.75,-73.25,2.14,2.38,4.9,7.1,11.06,16.51,22.17,23.38,21.13,15.59,12.31,6.71,12.17
T2M,2003,39.75,-73.75,1.03,1.48,4.7,7.37,11.58,17.42,22.54,23.24,20.89,15.3,11.97,5.79,12.0
T2M,2003,39.75,-74.25,-1.05,-0.22,4.8,8.29,12.85,18.83,23.12,23.4,20.54,13.9,10.76,3.63,11.64
T2M,2003,39.75,-74.75,-2.44,-1.45,4.87,8.94,13.73,19.7,23.45,23.53,20.18,12.73,9.88,2.09,11.34
T2M,2003,39.75,-75.25,-3.16,-2.14,4.8,9.27,14.19,20.03,23.51,23.65,19.91,12.06,9.44,1.27,11.14
T2M,2003,40.25,-72.25,2.17,2.15,4.45,6.4,10.63,15.83,21.43,23.36,20.71,15.46,11.81,6.79,11.82
T2M,2003,40.25,-72.75,1.51,1.54,4.28,6.49,10.78,16.16,21.64,23.16,20.58,15.2,11.68,6.28,11.67
T2M,2003,40.25,-73.25,0.52,0.72,4.04,6.71,11.18,16.85,22.09,23.05,20.46,14.8,11.37,5.43,11.5
T2M,2003,40.25,-73.75,-0.54,-0.01,3.96,7.08,11.75,17.7,22.56,23.11,20.28,14.3,10.92,4.45,11.36
T2M,2003,40.25,-74.25,-2.65,-1.71,4.12,7.84,13.01,18.9,23.09,23.37,19.86,12.68,9.65,2.3,10.94
T2M,2003,40.25,-74.75,-3.85,-2.76,4.04,8.26,13.69,19.4,23.11,23.32,19.41,11.6,8.86,1.03,10.58
T2M,2003,40.25,-75.25,-4.48,-3.35,3.85,8.44,13.93,19.46,22.91,23.2,19.03,10.96,8.43,0.32,10.3
T2M,2003,40.75,-72.25,0.1,0.15,3.39,5.94,10.99,16.23,21.21,22.82,19.99,14.4,10.62,5.16,10.98
T2M,2003,40.75,-72.75,-0.79,-0.65,3.2,6.2,11.43,16.87,21.65,22.86,19.96,14.04,10.34,4.42,10.86
T2M,2003,40.75,-73.25,-1.85,-1.45,3.09,6.56,11.95,17.62,22.22,22.97,19.85,13.46,9.92,3.47,10.72
T2M,2003,40.75,-73.75,-3.27,-2.23,3.19,6.95,12.53,18.31,22.63,23.04,19.46,12.44,9.1,2.12,10.43
T2M,2003,40.75,-74.25,-4.78,-3.45,3.13,7.19,13.1,18.76,22.66,22.97,18.85,11.14,8.15,0.66,9.94
T2M,2003,40.75,-74.75,-5.63,-4.2,2.93,7.28,13.3,18.79,22.34,22.64,18.29,10.27,7.6,-0.21,9.52
T2M,2003,40.75,-75.25,-6.13,-4.67,2.7,7.31,13.3,18.6,21.93,22.24,17.82,9.71,7.23,-0.79,9.18
T2M,2003,41.25,-72.25,-3.19,-2.36,2.4,5.87,11.91,17.26,21.61,22.71,19.24,12.49,8.61,2.58,10.0
T2M,2003,41.25,-72.75,-4.24,-3.09,2.24,6.09,12.31,17.78,21.94,22.77,19.11,11.96,8.24,1.78,9.81
T2M,2003,41.25,-73.25,-5.31,-3.78,2.12,6.31,12.61,18.16,22.13,22.7,18.74,11.28,7.81,0.9,9.54
T2M,2003,41.25,-73.75,-6.61,-4.47,2.2,6.6,13.01,18.56,22.29,22.66,18.27,10.39,7.15,-0.26,9.22
T2M,2003,41.25,-74.25,-7.32,-5.19,1.91,6.4,12.88,18.36,21.82,22.2,17.62,9.54,6.57,-1.07,8.71
T2M,2003,41.25,-74.75,-7.67,-5.61,1.72,6.25,12.71,18.03,21.33,21.72,17.09,8.96,6.26,-1.53,8.34
T2M,2003,41.25,-75.25,-7.94,-5.95,1.53,6.16,12.53,17.65,20.82,21.21,16.6,8.52,6.02,-1.88,8.01
T2M,2003,41.75,-72.25,-6.91,-4.57,1.61,5.63,12.34,17.91,22.03,22.67,18.29,10.43,6.55,0.18,8.92
T2M,2003,41.75,-72.75,-7.74,-5.21,1.39,5.69,12.46,18.03,21.95,22.44,17.91,9.86,6.19,-0.53,8.61
T2M,2003,41.75,-73.25,-8.6,-5.97,1.09,5.68,12.44,17.98,21.6,22.0,17.33,9.21,5.81,-1.35,8.18
T2M,2003,41.75,-73.75,-8.91,-6.0,1.24,6.01,12.78,18.19,21.64,22.1,17.28,9.14,5.94,-1.66,8.22
T2M,2003,41.75,-74.25,-9.33,-6.87,0.46,5.37,12.09,17.48,20.69,21.15,16.39,8.25,5.25,-2.36,7.45
T2M,2003,41.75,-74.75,-9.56,-7.31,0.17,5.12,11.84,17.04,20.13,20.61,15.89,7.74,4.95,-2.74,7.06
T2M,2003,41.75,-75.25,-9.53,-7.32,0.33,5.21,11.9,16.85,19.89,20.38,15.67,7.58,4.96,-2.8,7.0
T2M,2004,39.75,-72.25,1.96,4.08,5.06,8.43,13.69,18.04,22.26,22.55,21.5,16.24,11.7,8.13,12.83
T2M,2004,39.75,-72.75,1.53,3.87,4.75,7.91,13.81,18.3,22.45,22.64,21.4,15.89,11.59,7.79,12.69
T2M,2004,39.75,-73.25,0.85,3.39,4.69,7.82,14.28,18.8,22.66,22.72,21.42,15.67,11.47,7.33,12.62
T2M,2004,39.75,-73.75,-0.13,2.67,4.82,8.37,15.23,19.49,22.94,22.83,21.56,15.49,11.1,6.47,12.6
T2M,2004,39.75,-74.25,-2.07,1.24,5.09,9.6,17.04,20.36,23.39,22.96,21.34,14.38,9.62,4.35,12.31
T2M,2004,39.75,-74.75,-3.39,0.25,5.38,10.43,18.35,20.79,23.54,22.9,20.97,13.38,8.46,2.84,12.02
T2M,2004,39.75,-75.25,-4.0,-0.31,5.57,10.81,19.05,20.96,23.61,22.79,20.69,12.77,7.88,2.06,11.85
T2M,2004,40.25,-72.25,0.67,3.09,4.26,7.44,12.94,17.48,21.61,21.97,20.81,15.32,11.06,7.23,12.02
T2M,2004,40.25,-72.75,0.11,2.77,4.19,7.42,13.38,18.01,21.95,22.16,20.87,15.08,10.89,6.75,11.99
T2M,2004,40.25,-73.25,-0.75,2.19,4.23,7.77,14.21,18.76,22.35,22.38,20.98,14.85,10.51,6.0,11.98
T2M,2004,40.25,-73.75,-1.63,1.56,4.4,8.44,15.33,19.55,22.75,22.61,21.09,14.58,9.96,5.09,12.0
T2M,2004,40.25,-74.25,-3.6,0.09,4.58,9.53,17.21,20.38,23.2,22.77,20.77,13.23,8.38,2.9,11.65
T2M,2004,40.25,-74.75,-4.71,-0.88,4.68,10.0,18.18,20.52,23.15,22.52,20.29,12.28,7.38,1.57,11.28
T2M,2004,40.25,-75.25,-5.25,-1.55,4.7,10.11,18.55,20.37,22.9,22.13,19.81,11.71,6.88,0.88,10.97
T2M,2004,40.75,-72.25,-1.54,1.41,3.55,7.25,12.97,17.51,21.34,21.66,20.2,14.29,9.86,5.53,11.2
T2M,2004,40.75,-72.75,-2.24,0.87,3.58,7.57,13.75,18.25,21.9,22.02,20.37,14.04,9.47,4.77,11.22
T2M,2004,40.75,-73.25,-3.06,0.28,3.67,8.07,14.74,19.03,22.42,22.25,20.39,13.66,8.92,3.89,11.22
T2M,2004,40.75,-73.75,-4.25,-0.61,3.78,8.73,15.92,19.72,22.83,22.35,20.14,12.84,7.92,2.61,11.03
T2M,2004,40.75,-74.25,-5.55,-1.82,3.74,9.11,17.01,20.0,22.8,22.21,19.64,11.74,6.81,1.06,10.59
T2M,2004,40.75,-74.75,-6.33,-2.72,3.64,9.12,17.45,19.73,22.37,21.72,19.11,11.04,6.12,0.1,10.15
T2M,2004,40.75,-75.25,-6.76,-3.45,3.52,8.98,17.55,19.3,21.81,21.16,18.61,10.59,5.73,-0.48,9.75
T2M,2004,41.25,-72.25,-4.73,-0.86,2.88,7.7,14.05,18.2,21.69,21.64,19.4,12.66,7.6,2.66,10.27
T2M,2004,41.25,-72.75,-5.4,-1.59,2.88,7.97,14.74,18.71,22.14,21.87,19.45,12.28,7.14,1.8,10.2
T2M,2004,41.25,-73.25,-6.05,-2.34,2.88,8.2,15.41,19.04,22.33,21.8,19.21,11.77,6.65,1.0,10.02
T2M,2004,41.25,-73.75,-6.97,-3.3,2.97,8.59,16.31,19.37,22.48,21.69,18.81,10.97,5.87,-0.01,9.76
T2M,2004,41.25,-74.25,-7.66,-4.14,2.74,8.37,16.52,19.06,21.94,21.23,18.26,10.26,5.23,-0.87,9.28
T2M,2004,41.25,-74.75,-8.12,-4.86,2.53,8.1,16.53,18.61,21.25,20.71,17.82,9.87,4.84,-1.43,8.86
T2M,2004,41.25,-75.25,-8.44,-5.48,2.32,7.8,16.44,18.1,20.54,20.13,17.39,9.56,4.56,-1.84,8.46
T2M,2004,41.75,-72.25,-7.58,-3.06,2.21,7.83,14.91,18.49,21.87,21.42,18.34,10.93,5.41,-0.1,9.25
T2M,2004,41.75,-72.75,-8.07,-3.96,2.09,7.83,15.19,18.55,21.9,21.3,18.16,10.52,5.04,-0.82,9.01
T2M,2004,41.75,-73.25,-8.59,-5.04,1.88,7.7,15.42,18.39,21.61,20.9,17.73,10.01,4.62,-1.51,8.63
T2M,2004,41.75,-73.75,-8.5,-5.34,2.15,7.94,15.98,18.55,21.72,20.91,17.72,9.92,4.71,-1.6,8.72
T2M,2004,41.75,-74.25,-9.32,-5.95,1.55,7.22,15.55,17.78,20.62,20.05,16.98,9.09,3.97,-2.43,7.96
T2M,2004,41.75,-74.75,-9.74,-6.55,1.28,6.86,15.39,17.3,19.89,19.53,16.59,8.74,3.61,-2.85,7.54
T2M,2004,41.75,-75.25,-9.74,-6.9,1.32,6.78,15.48,17.07,19.49,19.23,16.45,8.72,3.55,-2.92,7.42
T2M,2005,39.75,-72.25,4.75,4.25,4.56,8.17,10.76,17.91,22.75,24.87,22.6,17.64,13.24,7.3,13.28
T2M,2005,39.75,-72.75,4.31,3.91,4.2,8.17,11.09,18.06,22.79,24.78,22.53,17.21,12.84,6.72,13.1
T2M,2005,39.75,-73.25,3.75,3.62,3.93,8.34,11.68,18.51,23.03,24.76,22.49,16.86,12.44,5.97,13.0
T2M,2005,39.75,-73.75,2.83,3.15,3.71,8.87,12.41,19.17,23.43,24.95,22.56,16.43,11.85,4.83,12.9
T2M,2005,39.75,-74.25,0.87,1.94,3.21,9.96,13.33,20.7,24.26,25.53,22.74,15.49,10.34,2.34,12.61
T2M,2005,39.75,-74.75,-0.52,1.07,2.8,10.67,13.81,21.65,24.67,25.74,22.78,14.72,9.13,0.5,12.3
T2M,2005,39.75,-75.25,-1.16,0.66,2.51,11.01,14.01,22.26,24.96,25.82,22.7,14.21,8.41,-0.5,12.12
T2M,2005,40.25,-72.25,3.5,3.33,3.59,7.54,10.63,17.44,22.07,24.02,21.88,16.58,12.47,6.25,12.49
T2M,2005,40.25,-72.75,2.98,3.04,3.38,7.82,11.23,17.95,22.42,24.21,21.95,16.17,12.08,5.59,12.45
T2M,2005,40.25,-73.25,2.17,2.64,3.14,8.34,11.98,18.82,23.03,24.59,22.15,15.8,11.48,4.61,12.45
T2M,2005,40.25,-73.75,1.19,2.09,2.91,9.03,12.71,19.8,23.68,25.12,22.39,15.38,10.71,3.39,12.42
T2M,2005,40.25,-74.25,-0.76,0.9,2.27,10.04,13.39,21.45,24.57,25.83,22.54,14.38,8.98,0.78,12.08
T2M,2005,40.25,-74.75,-2.03,0.2,1.76,10.49,13.55,22.0,24.72,25.82,22.36,13.68,7.89,-0.83,11.68
T2M,2005,40.25,-75.25,-2.69,-0.15,1.35,10.58,13.48,22.17,24.62,25.54,22.03,13.18,7.27,-1.7,11.35
T2M,2005,40.75,-72.25,1.43,1.95,2.54,7.59,10.95,17.73,22.08,23.7,21.31,15.31,11.2,4.36,11.73
T2M,2005,40.75,-72.75,0.69,1.55,2.31,8.07,11.62,18.68,22.71,24.27,21.6,14.94,10.66,3.47,11.76
T2M,2005,40.75,-73.25,-0.2,1.14,2.05,8.68,12.27,19.78,23.37,24.82,21.92,14.52,9.91,2.4,11.77
T2M,2005,40.75,-73.75,-1.56,0.5,1.66,9.31,12.77,20.95,24.12,25.42,22.08,13.85,8.73,0.84,11.61
T2M,2005,40.75,-74.25,-2.98,-0.36,0.98,9.72,12.95,21.81,24.48,25.53,21.86,13.01,7.42,-0.99,11.17
T2M,2005,40.75,-74.75,-3.89,-0.93,0.4,9.75,12.8,21.83,24.27,25.15,21.45,12.43,6.64,-2.11,10.7
T2M,2005,40.75,-75.25,-4.4,-1.31,-0.07,9.59,12.56,21.59,23.89,24.61,20.94,12.0,6.11,-2.83,10.27
T2M,2005,41.25,-72.25,-1.75,-0.03,1.2,8.16,11.29,19.0,22.71,24.09,20.91,13.56,8.96,1.35,10.84
T2M,2005,41.25,-72.75,-2.56,-0.43,0.89,8.52,11.74,19.86,23.18,24.59,21.18,13.2,8.33,0.39,10.79
T2M,2005,41.25,-73.25,-3.38,-0.74,0.56,8.81,12.06,20.63,23.41,24.79,21.29,12.78,7.63,-0.55,10.65
T2M,2005,41.25,-73.75,-4.47,-1.2,0.23,9.22,12.37,21.54,23.94,25.08,21.32,12.24,6.67,-1.74,10.48
T2M,2005,41.25,-74.25,-5.23,-1.72,-0.37,9.07,12.14,21.54,23.73,24.63,20.84,11.63,5.93,-2.73,10.0
T2M,2005,41.25,-74.75,-5.66,-2.21,-0.92,8.81,11.88,21.25,23.3,24.06,20.34,11.21,5.43,-3.4,9.56
T2M,2005,41.25,-75.25,-5.9,-2.69,-1.43,8.46,11.58,20.84,22.8,23.44,19.72,10.8,5.02,-3.94,9.11
T2M,2005,41.75,-72.25,-4.73,-1.81,-0.23,8.38,11.16,20.06,22.79,24.1,20.29,11.81,6.6,-1.53,9.79
T2M,2005,41.75,-72.75,-5.38,-2.14,-0.59,8.43,11.32,20.47,22.86,24.1,20.31,11.49,6.07,-2.27,9.61
T2M,2005,41.75,-73.25,-6.15,-2.52,-1.01,8.33,11.35,20.72,22.71,23.84,20.13,11.09,5.52,-3.04,9.29
T2M,2005,41.75,-73.75,-6.35,-2.44,-0.9,8.66,11.73,21.3,23.08,24.07,20.33,11.15,5.42,-3.17,9.46
T2M,2005,41.75,-74.25,-6.92,-3.21,-1.73,8.04,11.05,20.76,22.25,23.1,19.46,10.3,4.71,-4.07,8.69
T2M,2005,41.75,-74.75,-7.19,-3.76,-2.24,7.68,10.77,20.37,21.8,22.56,18.97,9.86,4.23,-4.64,8.25
T2M,2005,41.75,-75.25,-7.12,-4.02,-2.48,7.53,10.75,20.2,21.7,22.4,18.65,9.68,4.1,-4.87,8.09
T2M,2006,39.75,-72.25,7.86,4.96,5.7,9.86,14.06,18.3,22.97,24.17,20.71,16.15,13.42,10.5,14.11
T2M,2006,39.75,-72.75,7.44,4.63,5.61,9.51,13.66,18.18,23.04,24.23,20.45,15.92,13.22,10.14,13.9
T2M,2006,39.75,-73.25,6.79,4.21,5.49,9.5,13.53,18.38,23.23,24.33,20.21,15.68,12.9,9.55,13.71
T2M,2006,39.75,-73.75,5.89,3.47,5.23,9.87,13.94,18.99,23.55,24.53,20.05,15.33,12.35,8.57,13.54
T2M,2006,39.75,-74.25,4.54,2.05,4.94,10.97,15.3,20.21,24.34,24.83,19.58,14.07,11.01,6.65,13.27
T2M,2006,39.75,-74.75,3.68,1.11,4.84,11.7,16.11,21.04,24.73,24.97,19.09,13.07,9.94,5.32,13.04
T2M,2006,39.75,-75.25,3.22,0.66,4.78,12.02,16.5,21.55,24.76,24.94,18.74,12.53,9.26,4.65,12.87
T2M,2006,40.25,-72.25,6.83,4.03,4.93,8.9,12.83,17.6,22.49,23.54,19.86,15.43,12.82,9.6,13.29
T2M,2006,40.25,-72.75,6.32,3.68,4.88,9.0,12.93,17.86,22.74,23.69,19.75,15.23,12.56,9.12,13.21
T2M,2006,40.25,-73.25,5.53,3.14,4.74,9.33,13.36,18.45,23.19,23.9,19.67,14.9,12.06,8.31,13.11
T2M,2006,40.25,-73.75,4.71,2.45,4.63,9.85,14.09,19.24,23.72,24.2,19.59,14.49,11.41,7.31,13.04
T2M,2006,40.25,-74.25,3.37,0.95,4.24,10.77,15.3,20.38,24.46,24.43,18.88,13.01,10.03,5.35,12.67
T2M,2006,40.25,-74.75,2.55,0.1,4.0,11.14,15.74,20.77,24.41,24.18,18.18,12.02,9.09,4.24,12.27
T2M,2006,40.25,-75.25,2.05,-0.34,3.79,11.15,15.8,20.88,24.09,23.74,17.61,11.45,8.48,3.69,11.94
T2M,2006,40.75,-72.25,5.17,2.56,3.95,8.57,12.54,17.62,22.34,22.89,19.09,14.44,11.73,7.98,12.47
T2M,2006,40.75,-72.75,4.44,2.03,3.81,8.89,13.02,18.21,22.8,23.17,19.07,14.15,11.3,7.28,12.41
T2M,2006,40.75,-73.25,3.64,1.45,3.7,9.34,13.69,18.92,23.39,23.44,18.99,13.71,10.72,6.44,12.35
T2M,2006,40.75,-73.75,2.71,0.68,3.51,9.81,14.43,19.67,23.92,23.65,18.62,12.87,9.77,5.19,12.14
T2M,2006,40.75,-74.25,1.68,-0.41,3.07,10.13,14.92,20.06,24.06,23.39,17.79,11.7,8.77,3.88,11.66
T2M,2006,40.75,-74.75,1.03,-1.08,2.73,10.08,14.99,19.94,23.65,22.81,17.06,10.9,8.04,3.14,11.18
T2M,2006,40.75,-75.25,0.59,-1.49,2.44,9.84,14.83,19.7,23.13,22.15,16.44,10.35,7.47,2.69,10.75
T2M,2006,41.25,-72.25,2.66,0.34,2.59,8.64,13.02,18.36,22.66,22.1,18.02,12.69,9.81,5.38,11.42
T2M,2006,41.25,-72.75,1.89,-0.21,2.39,8.88,13.42,18.85,23.03,22.32,17.87,12.3,9.28,4.68,11.29
T2M,2006,41.25,-73.25,1.23,-0.68,2.26,9.09,13.83,19.21,23.33,22.43,17.6,11.83,8.75,4.05,11.15
T2M,2006,41.25,-73.75,0.56,-1.21,2.14,9.37,14.35,19.61,23.63,22.6,17.19,11.07,8.0,3.07,10.94
T2M,2006,41.25,-74.25,-0.09,-1.86,1.75,9.14,14.24,19.27,23.23,22.02,16.51,10.32,7.35,2.43,10.43
T2M,2006,41.25,-74.75,-0.47,-2.35,1.41,8.81,14.08,18.84,22.67,21.28,15.9,9.76,6.81,2.02,9.97
T2M,2006,41.25,-75.25,-0.73,-2.73,1.08,8.41,13.81,18.38,22.1,20.55,15.32,9.25,6.33,1.69,9.53
T2M,2006,41.75,-72.25,0.33,-1.71,1.34,8.44,13.21,18.79,22.8,21.17,16.77,10.88,7.92,3.02,10.31
T2M,2006,41.75,-72.75,-0.26,-2.12,1.11,8.41,13.31,18.88,22.84,21.16,16.47,10.49,7.42,2.5,10.09
T2M,2006,41.75,-73.25,-0.83,-2.53,0.87,8.26,13.38,18.79,22.73,20.99,16.04,10.01,6.93,2.0,9.79
T2M,2006,41.75,-73.75,-0.83,-2.4,1.14,8.52,13.81,19.0,22.94,21.31,16.09,9.97,6.87,1.86,9.93
T2M,2006,41.75,-74.25,-1.4,-3.26,0.46,7.72,13.17,18.1,22.08,20.32,15.21,9.01,6.06,1.22,9.13
T2M,2006,41.75,-74.75,-1.68,-3.7,0.06,7.29,12.91,17.58,21.5,19.6,14.66,8.44,5.57,0.84,8.66
T2M,2006,41.75,-75.25,-1.66,-3.79,-0.04,7.14,12.91,17.38,21.23,19.26,14.39,8.2,5.32,0.76,8.49
T2M,2007,39.75,-72.25,7.29,2.88,5.96,7.63,12.44,17.27,22.08,23.19,21.39,18.21,10.93,7.4,13.13
T2M,2007,39.75,-72.75,6.91,2.34,5.62,7.53,12.57,17.79,22.23,23.07,21.25,18.26,10.9,7.13,13.04
T2M,2007,39.75,-73.25,6.33,1.58,5.22,7.54,12.98,18.49,22.42,23.03,21.19,18.35,10.77,6.69,12.96
T2M,2007,39.75,-73.75,5.46,0.5,4.84,7.69,13.82,19.31,22.58,23.15,21.21,18.42,10.33,5.9,12.85
T2M,2007,39.75,-74.25,4.07,-1.52,4.7,8.34,15.32,20.4,22.87,23.51,21.12,17.9,8.62,4.03,12.54
T2M,2007,39.75,-74.75,3.13,-2.97,4.6,8.82,16.26,21.1,23.29,24.17,21.3,17.56,7.29,2.63,12.37
T2M,2007,39.75,-75.25,2.6,-3.85,4.46,9.02,16.77,21.6,23.87,24.73,21.45,17.35,6.53,1.82,12.3
T2M,2007,40.25,-72.25,6.15,1.58,4.73,6.97,12.12,17.14,21.61,22.45,20.58,17.6,10.43,6.43,12.39
T2M,2007,40.25,-72.75,5.71,0.93,4.43,7.03,12.59,17.81,21.86,22.52,20.63,17.78,10.25,6.01,12.37
T2M,2007,40.25,-73.25,5.02,0.07,4.16,7.23,13.38,18.69,22.2,22.71,20.78,17.89,9.8,5.31,12.35
T2M,2007,40.25,-73.75,4.24,-0.92,3.99,7.5,14.4,19.56,22.42,22.89,20.87,17.87,9.15,4.41,12.28
T2M,2007,40.25,-74.25,2.8,-3.01,3.83,7.99,15.72,20.58,22.72,23.24,20.78,17.24,7.25,2.4,11.89
T2M,2007,40.25,-74.75,1.94,-4.34,3.61,8.15,16.29,20.98,22.93,23.66,20.76,16.75,5.97,1.08,11.59
T2M,2007,40.25,-75.25,1.42,-5.18,3.37,8.06,16.47,21.14,23.17,23.94,20.64,16.37,5.24,0.3,11.36
T2M,2007,40.75,-72.25,4.32,-0.36,3.35,6.54,12.5,17.4,21.47,22.25,20.08,17.11,9.37,4.72,11.64
T2M,2007,40.75,-72.75,3.74,-1.19,3.03,6.69,13.2,18.21,21.92,22.6,20.32,17.26,8.94,4.04,11.65
T2M,2007,40.75,-73.25,3.11,-2.08,2.87,6.98,14.13,19.13,22.31,22.82,20.51,17.25,8.24,3.18,11.62
T2M,2007,40.75,-73.75,2.23,-3.3,2.77,7.32,15.13,19.99,22.62,22.92,20.5,16.91,7.0,1.83,11.42
T2M,2007,40.75,-74.25,1.16,-4.81,2.51,7.31,15.72,20.49,22.57,22.84,20.17,16.26,5.54,0.32,10.94
T2M,2007,40.75,-74.75,0.47,-5.8,2.22,7.1,15.8,20.5,22.39,22.83,19.87,15.73,4.57,-0.61,10.53
T2M,2007,40.75,-75.25,-0.0,-6.5,1.92,6.8,15.65,20.37,22.25,22.81,19.49,15.26,3.95,-1.18,10.18
T2M,2007,41.25,-72.25,1.63,-3.08,1.86,6.32,13.54,18.27,21.89,22.57,19.73,16.2,7.17,1.72,10.74
T2M,2007,41.25,-72.75,1.06,-3.94,1.5,6.41,14.13,18.9,22.2,22.8,19.91,16.16,6.59,0.94,10.65
T2M,2007,41.25,-73.25,0.57,-4.75,1.3,6.54,14.71,19.47,22.25,22.7,19.91,15.94,5.86,0.19,10.49
T2M,2007,41.25,-73.75,-0.05,-5.76,1.26,6.75,15.36,20.04,22.42,22.67,19.83,15.56,4.73,-0.84,10.26
T2M,2007,41.25,-74.25,-0.65,-6.57,0.89,6.34,15.25,19.97,21.96,22.21,19.37,15.05,3.83,-1.67,9.77
T2M,2007,41.25,-74.75,-1.09,-7.19,0.62,5.93,14.98,19.73,21.53,21.88,18.96,14.64,3.26,-2.14,9.36
T2M,2007,41.25,-75.25,-1.46,-7.71,0.33,5.52,14.6,19.38,21.09,21.61,18.42,14.19,2.84,-2.43,8.97
T2M,2007,41.75,-72.25,-0.94,-5.67,0.39,5.95,14.22,18.81,21.92,22.56,19.22,14.89,4.77,-1.31,9.66
T2M,2007,41.75,-72.75,-1.43,-6.35,-0.07,5.91,14.43,19.05,21.81,22.33,19.1,14.66,4.22,-1.84,9.42
T2M,2007,41.75,-73.25,-1.92,-7.06,-0.5,5.75,14.53,19.16,21.45,21.84,18.8,14.3,3.59,-2.31,9.07
T2M,2007,41.75,-73.75,-1.87,-7.2,-0.26,5.95,14.91,19.55,21.59,21.96,18.97,14.36,3.36,-2.33,9.18
T2M,2007,41.75,-74.25,-2.46,-8.06,-0.92,5.08,14.21,18.96,20.6,21.07,18.23,13.71,2.47,-3.06,8.42
T2M,2007,41.75,-74.75,-2.81,-8.6,-1.21,4.59,13.78,18.59,20.05,20.64,17.76,13.35,2.02,-3.41,8.0
T2M,2007,41.75,-75.25,-2.83,-8.8,-1.21,4.46,13.58,18.44,19.87,20.62,17.48,13.2,1.92,-3.46,7.88
T2M,2008,39.75,-72.25,6.0,5.68,6.98,9.85,12.09,19.85,24.14,23.31,20.62,15.81,11.72,9.57,13.83
T2M,2008,39.75,-72.75,5.53,5.2,6.64,9.67,12.02,19.92,23.81,23.14,20.56,15.63,11.19,8.71,13.53
T2M,2008,39.75,-73.25,4.93,4.65,6.29,9.67,12.3,20.21,23.56,22.96,20.53,15.42,10.62,7.71,13.26
T2M,2008,39.75,-73.75,4.09,3.98,5.95,9.98,13.06,20.83,23.48,22.88,20.62,15.07,9.84,6.48,13.05
T2M,2008,39.75,-74.25,2.44,2.95,5.72,10.96,14.19,22.0,24.15,22.95,20.73,13.89,8.22,4.47,12.75
T2M,2008,39.75,-74.75,1.27,2.17,5.58,11.62,14.8,22.71,24.79,23.2,20.82,13.08,7.02,2.95,12.53
T2M,2008,39.75,-75.25,0.59,1.61,5.42,11.91,15.02,23.04,25.18,23.3,20.79,12.6,6.3,2.0,12.34
T2M,2008,40.25,-72.25,4.98,4.44,5.71,8.79,11.54,19.18,23.26,22.67,20.09,15.18,10.73,8.11,12.91
T2M,2008,40.25,-72.75,4.42,3.99,5.53,8.98,11.86,19.66,23.2,22.61,20.16,15.04,10.24,7.26,12.77
T2M,2008,40.25,-73.25,3.67,3.44,5.32,9.35,12.46,20.35,23.4,22.62,20.25,14.7,9.58,6.19,12.64
T2M,2008,40.25,-73.75,2.86,2.83,5.1,9.83,13.2,21.1,23.7,22.71,20.38,14.19,8.78,5.02,12.5
T2M,2008,40.25,-74.25,1.23,1.67,4.8,10.71,13.96,22.11,24.52,22.75,20.29,12.72,7.04,2.9,12.08
T2M,2008,40.25,-74.75,0.21,0.78,4.52,11.17,14.16,22.41,24.81,22.72,20.14,11.87,5.91,1.45,11.7
T2M,2008,40.25,-75.25,-0.4,0.09,4.21,11.29,14.11,22.41,24.78,22.52,19.92,11.39,5.24,0.5,11.36
T2M,2008,40.75,-72.25,3.37,2.9,4.49,8.58,11.75,19.3,22.95,22.1,19.75,14.19,9.25,6.0,12.08
T2M,2008,40.75,-72.75,2.66,2.35,4.29,8.92,12.24,20.0,23.29,22.2,19.9,13.93,8.7,5.04,11.98
T2M,2008,40.75,-73.25,1.87,1.76,4.12,9.38,12.82,20.71,23.71,22.31,19.96,13.45,8.01,3.94,11.87
T2M,2008,40.75,-73.75,0.83,1.0,3.88,9.87,13.3,21.38,24.22,22.41,19.83,12.46,6.9,2.46,11.57
T2M,2008,40.75,-74.25,-0.3,-0.1,3.48,10.22,13.38,21.71,24.4,22.1,19.42,11.25,5.62,0.81,11.03
T2M,2008,40.75,-74.75,-1.04,-0.99,3.06,10.34,13.22,21.55,24.15,21.72,19.11,10.54,4.72,-0.32,10.53
T2M,2008,40.75,-75.25,-1.55,-1.69,2.64,10.32,12.97,21.26,23.7,21.25,18.83,10.08,4.1,-1.12,10.09
T2M,2008,41.25,-72.25,0.97,0.86,3.1,8.84,12.31,19.97,23.31,21.34,19.05,12.24,6.91,3.02,11.02
T2M,2008,41.25,-72.75,0.25,0.23,2.81,9.09,12.6,20.43,23.62,21.39,19.06,11.84,6.35,2.06,10.83
T2M,2008,41.25,-73.25,-0.44,-0.41,2.53,9.32,12.79,20.67,23.73,21.36,18.93,11.35,5.78,1.09,10.58
T2M,2008,41.25,-73.75,-1.36,-1.13,2.33,9.7,12.98,21.05,24.01,21.49,18.79,10.55,4.9,-0.21,10.28
T2M,2008,41.25,-74.25,-2.02,-1.99,1.89,9.6,12.57,20.76,23.43,20.91,18.32,9.86,4.16,-1.29,9.71
T2M,2008,41.25,-74.75,-2.44,-2.74,1.45,9.41,12.2,20.43,22.82,20.41,18.05,9.36,3.54,-1.99,9.24
T2M,2008,41.25,-75.25,-2.78,-3.4,1.0,9.21,11.81,20.05,22.14,19.78,17.73,8.88,3.0,-2.52,8.77
T2M,2008,41.75,-72.25,-1.43,-1.29,1.56,8.86,12.37,20.1,23.17,20.28,17.95,10.29,4.66,0.22,9.75
T2M,2008,41.75,-72.75,-2.06,-1.9,1.25,8.86,12.35,20.12,23.09,20.16,17.78,9.89,4.23,-0.58,9.46
T2M,2008,41.75,-73.25,-2.76,-2.59,0.88,8.76,12.2,19.99,22.81,19.94,17.53,9.42,3.79,-1.43,9.07
T2M,2008,41.75,-73.75,-2.96,-2.79,0.99,9.14,12.4,20.27,22.99,20.28,17.78,9.43,3.77,-1.96,9.14
T2M,2008,41.75,-74.25,-3.63,-3.75,0.16,8.59,11.52,19.56,21.84,19.31,17.05,8.63,2.92,-2.96,8.3
T2M,2008,41.75,-74.75,-3.96,-4.4,-0.33,8.29,11.03,19.2,21.18,18.78,16.84,8.11,2.34,-3.42,7.83
T2M,2008,41.75,-75.25,-3.91,-4.71,-0.5,8.28,10.84,19.1,20.83,18.49,16.79,7.86,2.07,-3.54,7.66
T2M,2009,39.75,-72.25,4.44,5.3,5.86,9.05,13.07,17.29,21.82,24.04,20.77,15.96,13.95,8.13,13.35
T2M,2009,39.75,-72.75,3.74,4.86,5.5,8.79,12.95,17.26,21.78,24.14,20.55,15.73,13.44,7.54,13.07
T2M,2009,39.75,-73.25,2.82,4.23,5.16,8.8,13.17,17.52,21.93,24.29,20.36,15.49,12.92,6.72,12.83
T2M,2009,39.75,-73.75,1.55,3.33,4.78,9.14,13.88,18.14,22.15,24.36,20.19,15.18,12.28,5.53,12.59
T2M,2009,39.75,-74.25,-0.7,2.11,4.55,10.05,15.34,19.27,22.29,24.22,19.51,13.94,10.82,3.15,12.1
T2M,2009,39.75,-74.75,-2.25,1.36,4.54,10.63,16.32,20.1,22.38,24.07,18.88,12.9,9.67,1.53,11.73
T2M,2009,39.75,-75.25,-3.07,0.97,4.58,10.88,16.76,20.58,22.59,24.04,18.46,12.28,9.01,0.69,11.53
T2M,2009,40.25,-72.25,2.8,4.08,4.76,8.15,12.4,16.6,21.15,23.36,19.87,15.03,12.84,6.7,12.36
T2M,2009,40.25,-72.75,2.05,3.64,4.54,8.3,12.67,16.91,21.35,23.64,19.8,14.88,12.39,6.04,12.23
T2M,2009,40.25,-73.25,1.02,3.01,4.34,8.67,13.29,17.5,21.68,23.95,19.74,14.6,11.85,5.12,12.11
T2M,2009,40.25,-73.75,-0.14,2.3,4.14,9.15,14.15,18.21,21.93,24.07,19.6,14.2,11.18,4.05,11.96
T2M,2009,40.25,-74.25,-2.39,1.12,3.98,10.0,15.5,19.2,21.96,23.89,18.84,12.87,9.71,1.76,11.42
T2M,2009,40.25,-74.75,-3.75,0.43,3.89,10.34,16.09,19.75,21.81,23.56,18.14,11.9,8.73,0.45,10.99
T2M,2009,40.25,-75.25,-4.5,0.0,3.8,10.36,16.18,19.95,21.69,23.25,17.63,11.28,8.15,-0.25,10.68
T2M,2009,40.75,-72.25,0.42,2.43,3.69,7.93,12.52,16.61,20.66,22.96,19.14,13.99,11.44,4.55,11.41
T2M,2009,40.75,-72.75,-0.5,1.88,3.52,8.33,13.11,17.21,21.04,23.36,19.18,13.77,10.97,3.75,11.35
T2M,2009,40.75,-73.25,-1.54,1.35,3.45,8.89,13.88,17.9,21.41,23.66,19.11,13.39,10.41,2.87,11.28
T2M,2009,40.75,-73.75,-2.97,0.7,3.36,9.48,14.75,18.55,21.57,23.66,18.73,12.65,9.48,1.57,11.01
T2M,2009,40.75,-74.25,-4.54,-0.15,3.16,9.74,15.31,18.93,21.34,23.2,17.9,11.59,8.38,0.06,10.46
T2M,2009,40.75,-74.75,-5.53,-0.77,2.97,9.7,15.38,19.04,20.92,22.64,17.2,10.79,7.65,-0.85,9.98
T2M,2009,40.75,-75.25,-6.2,-1.25,2.78,9.51,15.16,18.99,20.5,22.11,16.66,10.21,7.15,-1.46,9.56
T2M,2009,41.25,-72.25,-3.09,0.35,2.6,8.26,13.38,17.25,20.4,22.73,18.17,12.18,9.52,1.39,10.31
T2M,2009,41.25,-72.75,-3.95,-0.15,2.5,8.62,13.88,17.75,20.63,22.9,18.12,11.85,9.0,0.66,10.2
T2M,2009,41.25,-73.25,-4.77,-0.56,2.5,8.99,14.36,18.12,20.74,22.84,17.86,11.46,8.45,-0.01,10.05
T2M,2009,41.25,-73.75,-5.87,-1.02,2.51,9.41,14.93,18.57,20.8,22.71,17.37,10.89,7.67,-0.97,9.8
T2M,2009,41.25,-74.25,-6.78,-1.61,2.24,9.09,14.72,18.46,20.32,22.09,16.67,10.18,6.98,-1.74,9.27
T2M,2009,41.25,-74.75,-7.44,-2.12,2.02,8.79,14.42,18.26,19.84,21.52,16.12,9.63,6.52,-2.26,8.82
T2M,2009,41.25,-75.25,-7.94,-2.53,1.79,8.44,14.04,17.99,19.35,20.96,15.67,9.14,6.12,-2.67,8.41
T2M,2009,41.75,-72.25,-6.61,-1.63,1.66,8.4,13.94,17.56,20.01,22.11,16.84,10.17,7.64,-1.47,9.1
T2M,2009,41.75,-72.75,-7.17,-2.03,1.61,8.5,14.07,17.71,19.93,21.95,16.62,9.86,7.16,-1.96,8.91
T2M,2009,41.75,-73.25,-7.69,-2.44,1.54,8.48,14.12,17.74,19.76,21.59,16.18,9.49,6.62,-2.47,8.63
T2M,2009,41.75,-73.75,-7.72,-2.37,1.84,8.75,14.44,18.13,20.01,21.68,16.1,9.64,6.48,-2.45,8.76
T2M,2009,41.75,-74.25,-8.55,-3.18,1.18,7.91,13.63,17.55,19.09,20.75,15.25,8.74,5.69,-3.23,7.95
T2M,2009,41.75,-74.75,-9.1,-3.69,0.88,7.53,13.2,17.24,18.61,20.25,14.81,8.31,5.32,-3.61,7.53
T2M,2009,41.75,-75.25,-9.23,-3.76,0.85,7.45,13.08,17.14,18.45,20.04,14.75,8.18,5.17,-3.66,7.42
T2M,2010,39.75,-72.25,4.87,4.03,7.17,9.97,13.54,19.86,24.71,24.31,21.37,16.74,11.87,5.65,13.73
T2M,2010,39.75,-72.75,4.32,3.58,6.75,9.81,13.65,20.01,24.65,24.18,21.25,16.5,11.58,5.09,13.5
T2M,2010,39.75,-73.25,3.53,2.92,6.44,9.95,14.0,20.44,24.65,24.07,21.32,16.29,11.22,4.33,13.32
T2M,2010,39.75,-73.75,2.32,1.85,6.3,10.43,14.7,21.06,24.68,24.06,21.51,15.96,10.62,3.18,13.12
T2M,2010,39.75,-74.25,0.28,-0.22,6.56,11.4,16.03,22.13,24.99,24.21,21.59,14.75,8.84,0.89,12.69
T2M,2010,39.75,-74.75,-0.97,-1.66,6.81,12.08,16.94,22.98,25.39,24.55,21.79,13.82,7.55,-0.57,12.47
T2M,2010,39.75,-75.25,-1.56,-2.4,6.9,12.47,17.46,23.75,25.89,24.88,21.84,13.23,6.88,-1.29,12.42
T2M,2010,40.25,-72.25,3.46,2.86,6.16,9.46,13.01,19.44,24.14,23.6,20.76,15.99,11.03,4.51,12.92
T2M,2010,40.25,-72.75,2.88,2.43,6.01,9.63,13.41,19.88,24.34,23.68,20.88,15.85,10.71,3.86,12.85
T2M,2010,40.25,-73.25,2.02,1.73,6.0,10.04,14.1,20.57,24.67,23.85,21.15,15.56,10.15,2.98,12.79
T2M,2010,40.25,-73.75,0.97,0.75,6.08,10.59,14.94,21.31,24.95,24.03,21.39,15.09,9.43,1.95,12.69
T2M,2010,40.25,-74.25,-0.89,-1.18,6.36,11.41,16.19,22.34,25.49,24.37,21.45,13.7,7.65,-0.2,12.3
T2M,2010,40.25,-74.75,-1.89,-2.33,6.44,11.82,16.81,22.81,25.65,24.52,21.36,12.73,6.52,-1.39,12.0
T2M,2010,40.25,-75.25,-2.42,-2.97,6.34,11.93,17.03,23.14,25.65,24.47,21.1,12.12,5.9,-2.03,11.77
T2M,2010,40.75,-72.25,1.43,1.35,5.48,9.4,13.2,19.47,23.89,23.17,20.47,15.16,9.77,2.74,12.19
T2M,2010,40.75,-72.75,0.74,0.79,5.49,9.76,13.81,20.14,24.42,23.46,20.75,14.92,9.28,1.89,12.18
T2M,2010,40.75,-73.25,-0.03,0.1,5.61,10.23,14.63,20.93,25.0,23.73,20.97,14.44,8.59,0.94,12.16
T2M,2010,40.75,-73.75,-1.16,-0.89,5.73,10.76,15.51,21.67,25.57,23.97,20.98,13.53,7.4,-0.37,11.96
T2M,2010,40.75,-74.25,-2.34,-2.1,5.67,11.07,16.08,22.03,25.59,23.87,20.67,12.38,6.18,-1.74,11.52
T2M,2010,40.75,-74.75,-3.06,-2.85,5.49,11.14,16.25,21.98,25.23,23.63,20.26,11.55,5.35,-2.52,11.11
T2M,2010,40.75,-75.25,-3.56,-3.41,5.26,11.05,16.21,21.89,24.85,23.32,19.79,10.93,4.79,-3.04,10.75
T2M,2010,41.25,-72.25,-1.42,-0.64,5.1,9.71,14.24,20.05,24.23,23.0,20.22,13.6,7.55,0.12,11.38
T2M,2010,41.25,-72.75,-2.0,-1.21,5.07,9.96,14.72,20.55,24.73,23.17,20.33,13.17,6.92,-0.75,11.29
T2M,2010,41.25,-73.25,-2.5,-1.76,5.01,10.2,15.23,20.98,25.06,23.16,20.22,12.59,6.23,-1.6,11.14
T2M,2010,41.25,-73.75,-3.28,-2.37,5.0,10.59,15.81,21.4,25.43,23.3,20.02,11.78,5.25,-2.65,10.93
T2M,2010,41.25,-74.25,-3.9,-2.94,4.56,10.44,15.7,21.08,24.84,22.77,19.4,11.01,4.57,-3.36,10.42
T2M,2010,41.25,-74.75,-4.37,-3.42,4.23,10.25,15.53,20.69,24.26,22.34,18.88,10.39,4.08,-3.77,9.99
T2M,2010,41.25,-75.25,-4.82,-3.91,3.93,10.02,15.27,20.35,23.78,21.94,18.34,9.82,3.67,-4.14,9.59
T2M,2010,41.75,-72.25,-3.9,-2.41,4.59,9.79,15.1,20.28,24.38,22.66,19.7,11.72,5.24,-2.22,10.48
T2M,2010,41.75,-72.75,-4.24,-2.85,4.32,9.77,15.24,20.37,24.46,22.51,19.44,11.23,4.65,-2.93,10.24
T2M,2010,41.75,-73.25,-4.62,-3.29,3.92,9.68,15.28,20.3,24.27,22.16,18.96,10.67,4.01,-3.67,9.88
T2M,2010,41.75,-73.75,-4.54,-3.11,4.05,10.03,15.6,20.52,24.48,22.37,18.95,10.56,3.93,-3.73,9.99
T2M,2010,41.75,-74.25,-5.33,-3.9,3.09,9.4,14.89,19.66,23.28,21.36,17.89,9.7,3.22,-4.61,9.12
T2M,2010,41.75,-74.75,-5.86,-4.4,2.73,9.08,14.53,19.16,22.66,20.84,17.32,9.14,2.82,-5.03,8.65
T2M,2010,41.75,-75.25,-6.06,-4.63,2.73,9.06,14.44,19.03,22.61,20.77,17.09,8.86,2.71,-5.12,8.53
T2M,2011,39.75,-72.25,4.42,5.33,5.86,9.22,15.49,20.0,23.5,23.88,20.75,17.05,13.53,10.82,14.21
T2M,2011,39.75,-72.75,3.72,4.78,5.53,8.7,15.03,20.19,23.67,23.91,20.56,16.69,13.13,10.23,13.9
T2M,2011,39.75,-73.25,2.83,4.08,5.32,8.67,14.97,20.53,23.9,23.92,20.54,16.34,12.69,9.54,13.67
T2M,2011,39.75,-73.75,1.58,3.26,5.18,9.2,15.4,20.98,24.28,23.91,20.68,15.83,12.06,8.57,13.47
T2M,2011,39.75,-74.25,-0.74,2.15,4.95,10.67,16.61,21.75,25.11,23.73,20.78,14.47,10.68,6.55,13.12
T2M,2011,39.75,-74.75,-2.34,1.37,4.74,11.68,17.46,22.29,25.95,23.69,20.7,13.42,9.6,5.15,12.87
T2M,2011,39.75,-75.25,-3.17,0.82,4.55,12.11,17.9,22.58,26.62,23.71,20.49,12.82,8.97,4.38,12.71
T2M,2011,40.25,-72.25,2.88,3.72,4.86,8.24,14.21,19.11,23.05,23.43,20.07,16.37,12.77,9.74,13.26
T2M,2011,40.25,-72.75,2.14,3.25,4.7,8.19,14.29,19.58,23.44,23.51,20.11,16.05,12.35,9.07,13.11
T2M,2011,40.25,-73.25,1.1,2.61,4.58,8.56,14.74,20.19,23.98,23.57,20.26,15.56,11.76,8.19,12.99
T2M,2011,40.25,-73.75,-0.02,1.91,4.48,9.22,15.34,20.71,24.54,23.58,20.4,14.89,11.05,7.19,12.83
T2M,2011,40.25,-74.25,-2.26,0.7,4.16,10.56,16.52,21.38,25.38,23.31,20.3,13.34,9.61,5.1,12.4
T2M,2011,40.25,-74.75,-3.58,-0.2,3.8,11.14,17.15,21.62,25.71,23.01,20.07,12.45,8.69,3.88,12.04
T2M,2011,40.25,-75.25,-4.26,-0.87,3.45,11.24,17.35,21.61,25.84,22.73,19.76,11.94,8.15,3.2,11.74
T2M,2011,40.75,-72.25,0.71,1.86,3.97,8.05,13.81,18.74,23.13,23.0,19.82,15.43,11.65,8.03,12.41
T2M,2011,40.75,-72.75,-0.22,1.26,3.8,8.31,14.3,19.41,23.73,23.14,20.0,15.02,11.1,7.17,12.31
T2M,2011,40.75,-73.25,-1.29,0.57,3.64,8.81,14.91,20.04,24.26,23.12,20.09,14.35,10.44,6.2,12.16
T2M,2011,40.75,-73.75,-2.72,-0.32,3.43,9.49,15.56,20.49,24.71,22.96,19.9,13.24,9.39,4.87,11.81
T2M,2011,40.75,-74.25,-4.12,-1.4,2.96,10.03,16.2,20.7,24.79,22.5,19.52,12.04,8.33,3.39,11.31
T2M,2011,40.75,-74.75,-4.94,-2.21,2.43,10.11,16.46,20.62,24.48,21.96,19.13,11.4,7.66,2.44,10.86
T2M,2011,40.75,-75.25,-5.4,-2.81,1.89,9.93,16.44,20.4,24.12,21.45,18.76,10.96,7.17,1.83,10.46
T2M,2011,41.25,-72.25,-2.6,-0.64,2.92,8.5,14.37,18.89,23.59,22.45,19.49,13.62,9.74,5.25,11.36
T2M,2011,41.25,-72.75,-3.56,-1.41,2.64,8.69,14.8,19.37,23.87,22.45,19.53,13.07,9.14,4.37,11.15
T2M,2011,41.25,-73.25,-4.42,-2.19,2.32,8.91,15.13,19.66,23.82,22.19,19.34,12.38,8.5,3.49,10.83
T2M,2011,41.25,-73.75,-5.44,-2.97,2.03,9.37,15.64,20.0,23.91,21.92,19.07,11.52,7.6,2.39,10.49
T2M,2011,41.25,-74.25,-6.0,-3.63,1.52,9.19,15.71,19.83,23.34,21.29,18.56,10.81,6.93,1.56,10.0
T2M,2011,41.25,-74.75,-6.28,-4.11,0.95,8.94,15.67,19.58,22.81,20.71,18.12,10.38,6.49,0.92,9.59
T2M,2011,41.25,-75.25,-6.47,-4.54,0.33,8.59,15.48,19.27,22.32,20.14,17.7,9.97,6.12,0.44,9.18
T2M,2011,41.75,-72.25,-5.68,-3.47,1.71,8.57,14.71,18.82,23.31,21.66,18.77,11.6,7.7,2.47,10.09
T2M,2011,41.75,-72.75,-6.36,-4.17,1.29,8.48,14.87,18.94,23.12,21.42,18.57,11.08,7.18,1.77,9.75
T2M,2011,41.75,-73.25,-6.94,-4.9,0.74,8.33,14.92,18.95,22.68,20.98,18.23,10.54,6.62,1.0,9.33
T2M,2011,41.75,-73.75,-6.91,-5.01,0.71,8.65,15.36,19.36,22.76,21.02,18.32,10.56,6.49,0.71,9.41
T2M,2011,41.75,-74.25,-7.32,-5.45,-0.13,7.92,14.87,18.76,21.88,20.02,17.48,9.75,5.76,-0.1,8.69
T2M,2011,41.75,-74.75,-7.46,-5.85,-0.64,7.6,14.69,18.44,21.39,19.44,17.03,9.33,5.32,-0.59,8.3
T2M,2011,41.75,-75.25,-7.36,-5.94,-0.89,7.51,14.68,18.35,21.19,19.2,16.86,9.16,5.2,-0.71,8.18
T2M,2012,39.75,-72.25,8.17,7.64,9.26,10.89,15.02,18.85,23.46,24.72,21.8,17.47,11.57,10.82,15.0
T2M,2012,39.75,-72.75,7.46,7.26,8.98,10.73,15.02,19.07,23.69,24.76,21.74,17.16,10.99,10.24,14.79
T2M,2012,39.75,-73.25,6.56,6.7,8.77,10.72,15.27,19.49,24.03,24.81,21.7,16.88,10.28,9.44,14.58
T2M,2012,39.75,-73.75,5.38,5.85,8.66,10.91,15.86,20.07,24.48,24.78,21.58,16.55,9.29,8.39,14.35
T2M,2012,39.75,-74.25,3.46,4.47,8.98,11.2,17.17,20.74,25.28,24.42,20.77,15.53,6.98,6.52,13.83
T2M,2012,39.75,-74.75,2.13,3.61,9.22,11.21,18.14,21.26,26.23,24.38,20.23,14.73,5.31,5.17,13.51
T2M,2012,39.75,-75.25,1.39,3.17,9.38,11.12,18.75,21.79,26.92,24.5,19.93,14.19,4.47,4.39,13.38
T2M,2012,40.25,-72.25,6.81,6.58,8.3,10.26,14.39,18.56,23.2,24.28,21.23,16.75,10.53,9.52,14.23
T2M,2012,40.25,-72.75,6.04,6.13,8.2,10.35,14.75,19.0,23.59,24.38,21.23,16.51,9.87,8.87,14.11
T2M,2012,40.25,-73.25,5.03,5.49,8.16,10.49,15.36,19.58,24.17,24.49,21.2,16.21,8.95,7.96,13.96
T2M,2012,40.25,-73.75,3.96,4.78,8.23,10.67,16.12,20.17,24.79,24.55,21.08,15.82,7.86,6.96,13.79
T2M,2012,40.25,-74.25,2.03,3.38,8.5,10.74,17.33,20.73,25.6,24.14,20.21,14.67,5.56,5.13,13.21
T2M,2012,40.25,-74.75,0.86,2.59,8.6,10.52,17.98,20.92,26.07,23.91,19.56,13.8,4.22,3.94,12.79
T2M,2012,40.25,-75.25,0.2,2.16,8.61,10.23,18.31,21.01,26.26,23.8,19.08,13.18,3.57,3.23,12.51
T2M,2012,40.75,-72.25,4.68,4.94,7.5,10.04,14.57,18.69,23.3,23.84,20.55,15.98,8.88,7.54,13.41
T2M,2012,40.75,-72.75,3.77,4.3,7.47,10.16,15.14,19.24,23.86,23.97,20.56,15.72,8.05,6.74,13.28
T2M,2012,40.75,-73.25,2.81,3.7,7.56,10.24,15.83,19.74,24.47,24.01,20.42,15.27,7.02,5.82,13.11
T2M,2012,40.75,-73.75,1.57,2.94,7.73,10.17,16.61,20.18,25.17,24.0,20.03,14.48,5.53,4.59,12.79
T2M,2012,40.75,-74.25,0.26,1.93,7.76,9.84,17.24,20.29,25.43,23.53,19.28,13.44,4.01,3.25,12.23
T2M,2012,40.75,-74.75,-0.57,1.29,7.69,9.4,17.48,20.08,25.28,23.13,18.6,12.67,3.14,2.38,11.76
T2M,2012,40.75,-75.25,-1.11,0.89,7.58,8.95,17.53,19.76,24.98,22.8,18.02,12.09,2.66,1.83,11.38
T2M,2012,41.25,-72.25,1.7,2.62,6.95,9.79,15.39,18.92,23.83,23.29,19.37,14.64,6.19,4.76,12.33
T2M,2012,41.25,-72.75,0.86,2.03,6.91,9.73,15.86,19.3,24.28,23.31,19.27,14.26,5.34,3.93,12.13
T2M,2012,41.25,-73.25,0.11,1.56,6.95,9.54,16.28,19.49,24.51,23.13,18.98,13.68,4.47,3.11,11.86
T2M,2012,41.25,-73.75,-0.83,1.01,7.07,9.25,16.81,19.64,24.92,23.11,18.55,12.89,3.35,2.12,11.53
T2M,2012,41.25,-74.25,-1.52,0.41,6.85,8.59,16.82,19.31,24.52,22.6,17.96,12.1,2.59,1.29,11.0
T2M,2012,41.25,-74.75,-2.0,-0.03,6.64,8.01,16.76,18.94,24.02,22.15,17.44,11.58,2.14,0.78,10.58
T2M,2012,41.25,-75.25,-2.35,-0.39,6.48,7.45,16.63,18.5,23.49,21.66,16.9,11.16,1.82,0.44,10.2
T2M,2012,41.75,-72.25,-0.93,0.52,6.27,9.18,15.98,18.74,24.08,22.72,17.94,13.05,3.7,2.17,11.16
T2M,2012,41.75,-72.75,-1.5,0.12,6.15,8.85,16.14,18.84,24.15,22.56,17.73,12.6,3.07,1.47,10.89
T2M,2012,41.75,-73.25,-2.06,-0.32,5.97,8.36,16.19,18.72,23.93,22.22,17.37,12.03,2.45,0.74,10.51
T2M,2012,41.75,-73.75,-2.19,-0.27,6.26,8.23,16.58,18.94,24.22,22.48,17.46,11.83,2.35,0.49,10.58
T2M,2012,41.75,-74.25,-2.94,-0.97,5.67,7.15,16.0,18.13,23.13,21.48,16.59,10.94,1.59,-0.29,9.75
T2M,2012,41.75,-74.75,-3.34,-1.42,5.36,6.45,15.8,17.71,22.47,20.93,16.16,10.52,1.25,-0.66,9.32
T2M,2012,41.75,-75.25,-3.38,-1.54,5.43,6.12,15.87,17.58,22.3,20.69,15.96,10.45,1.16,-0.68,9.21
T2M,2013,39.75,-72.25,6.95,5.69,5.7,8.98,13.29,18.53,24.24,22.69,20.26,17.71,11.64,8.89,13.77
T2M,2013,39.75,-72.75,6.25,4.99,5.27,8.59,12.99,18.63,24.2,22.68,20.14,17.25,11.09,8.36,13.43
T2M,2013,39.75,-73.25,5.25,4.11,4.89,8.45,13.09,18.96,24.11,22.7,20.01,16.87,10.45,7.5,13.09
T2M,2013,39.75,-73.75,4.0,3.09,4.44,8.74,13.63,19.46,24.03,22.65,19.83,16.48,9.64,6.31,12.75
T2M,2013,39.75,-74.25,2.2,1.6,3.64,9.58,14.73,20.56,24.4,22.34,19.04,15.45,7.79,4.28,12.2
T2M,2013,39.75,-74.75,1.08,0.64,3.16,10.26,15.59,21.36,24.69,22.11,18.49,14.65,6.47,2.78,11.84
T2M,2013,39.75,-75.25,0.52,0.09,2.88,10.68,16.09,21.81,24.87,22.12,18.44,14.22,5.75,1.88,11.68
T2M,2013,40.25,-72.25,5.56,4.03,4.63,7.96,12.47,18.08,23.7,22.14,19.65,16.75,10.56,7.54,12.81
T2M,2013,40.25,-72.75,4.82,3.43,4.38,7.96,12.63,18.44,23.83,22.28,19.62,16.46,10.01,6.88,12.62
T2M,2013,40.25,-73.25,3.81,2.67,4.09,8.2,13.14,19.02,24.03,22.42,19.54,16.19,9.29,5.88,12.42
T2M,2013,40.25,-73.75,2.74,1.92,3.69,8.64,13.84,19.64,24.17,22.43,19.39,15.81,8.46,4.76,12.19
T2M,2013,40.25,-74.25,0.95,0.43,2.91,9.44,14.84,20.7,24.53,22.12,18.59,14.69,6.64,2.66,11.61
T2M,2013,40.25,-74.75,-0.1,-0.46,2.42,9.86,15.35,21.15,24.51,21.81,18.04,13.94,5.49,1.27,11.17
T2M,2013,40.25,-75.25,-0.67,-1.0,2.06,10.01,15.53,21.27,24.42,21.66,17.82,13.43,4.78,0.47,10.88
T2M,2013,40.75,-72.25,3.43,2.01,3.57,7.65,12.56,18.18,23.56,21.85,19.1,15.85,9.07,5.42,11.92
T2M,2013,40.75,-72.75,2.58,1.37,3.28,7.88,13.03,18.79,23.98,22.16,19.17,15.66,8.41,4.5,11.8
T2M,2013,40.75,-73.25,1.65,0.74,2.99,8.24,13.66,19.46,24.26,22.26,19.09,15.34,7.64,3.46,11.63
T2M,2013,40.75,-73.75,0.41,-0.02,2.53,8.64,14.32,20.08,24.42,22.15,18.7,14.66,6.48,2.08,11.27
T2M,2013,40.75,-74.25,-0.95,-1.11,1.84,8.93,14.72,20.46,24.29,21.63,17.92,13.73,5.2,0.48,10.66
T2M,2013,40.75,-74.75,-1.77,-1.82,1.32,8.98,14.8,20.43,23.9,21.18,17.3,13.09,4.3,-0.51,10.17
T2M,2013,40.75,-75.25,-2.28,-2.3,0.89,8.89,14.72,20.25,23.54,20.9,16.91,12.57,3.58,-1.05,9.79
T2M,2013,41.25,-72.25,0.5,-0.36,2.28,7.83,13.48,18.93,23.92,21.6,18.22,14.41,6.68,2.28,10.89
T2M,2013,41.25,-72.75,-0.34,-0.96,1.9,7.95,13.84,19.39,24.21,21.72,18.2,14.14,6.0,1.28,10.68
T2M,2013,41.25,-73.25,-1.15,-1.46,1.54,8.03,14.18,19.73,24.13,21.47,17.96,13.71,5.31,0.33,10.39
T2M,2013,41.25,-73.75,-2.14,-2.01,1.2,8.26,14.57,20.11,24.17,21.26,17.55,13.11,4.33,-0.74,10.04
T2M,2013,41.25,-74.25,-2.99,-2.67,0.58,8.06,14.41,19.81,23.6,20.62,16.82,12.48,3.52,-1.58,9.46
T2M,2013,41.25,-74.75,-3.45,-3.12,0.11,7.86,14.19,19.44,23.03,20.22,16.23,12.03,2.9,-2.03,9.02
T2M,2013,41.25,-75.25,-3.72,-3.48,-0.34,7.61,13.93,19.07,22.52,19.89,15.74,11.58,2.26,-2.27,8.64
T2M,2013,41.75,-72.25,-2.16,-2.35,0.95,7.65,14.13,19.33,23.89,20.85,17.04,12.6,4.25,-0.74,9.69
T2M,2013,41.75,-72.75,-2.88,-2.78,0.57,7.46,14.17,19.37,23.75,20.62,16.8,12.25,3.64,-1.49,9.36
T2M,2013,41.75,-73.25,-3.61,-3.22,0.13,7.21,14.12,19.29,23.39,20.15,16.38,11.81,3.0,-2.21,8.94
T2M,2013,41.75,-73.75,-3.79,-3.15,0.26,7.45,14.4,19.52,23.5,20.26,16.48,11.83,2.86,-2.5,9.0
T2M,2013,41.75,-74.25,-4.39,-3.99,-0.74,6.75,13.67,18.69,22.52,19.31,15.45,11.06,1.96,-2.9,8.19
T2M,2013,41.75,-74.75,-4.7,-4.39,-1.25,6.45,13.31,18.19,21.92,18.9,14.81,10.68,1.36,-3.19,7.75
T2M,2013,41.75,-75.25,-4.64,-4.43,-1.44,6.43,13.28,18.03,21.65,18.82,14.52,10.52,1.02,-3.18,7.62
T2M,2014,39.75,-72.25,4.84,4.73,4.91,8.36,13.44,19.5,22.88,22.95,21.55,18.04,11.75,9.66,13.6
T2M,2014,39.75,-72.75,4.09,4.04,4.54,8.1,13.12,19.17,22.68,22.89,21.34,17.62,11.28,9.01,13.21
T2M,2014,39.75,-73.25,2.98,3.0,4.04,8.06,13.35,19.31,22.64,22.83,21.21,17.19,10.58,8.19,12.84
T2M,2014,39.75,-73.75,1.51,1.65,3.34,8.2,14.14,19.87,22.74,22.73,21.08,16.74,9.46,7.04,12.44
T2M,2014,39.75,-74.25,-0.92,-0.24,2.51,8.8,15.42,20.76,22.91,22.27,20.56,15.54,7.26,5.02,11.73
T2M,2014,39.75,-74.75,-2.58,-1.73,1.97,9.26,16.24,21.28,23.11,22.01,20.26,14.68,5.86,3.7,11.24
T2M,2014,39.75,-75.25,-3.46,-2.73,1.6,9.5,16.62,21.55,23.42,22.14,20.25,14.31,5.19,3.02,11.03
T2M,2014,40.25,-72.25,3.35,3.17,3.62,7.46,12.62,18.65,22.17,22.31,20.79,17.24,10.73,8.44,12.6
T2M,2014,40.25,-72.75,2.44,2.36,3.29,7.51,12.87,18.73,22.21,22.42,20.73,16.87,10.14,7.7,12.33
T2M,2014,40.25,-73.25,1.2,1.23,2.84,7.69,13.52,19.24,22.46,22.56,20.77,16.43,9.26,6.71,12.06
T2M,2014,40.25,-73.75,-0.17,0.03,2.32,7.94,14.35,19.87,22.71,22.56,20.74,15.93,8.17,5.62,11.74
T2M,2014,40.25,-74.25,-2.5,-2.06,1.58,8.54,15.48,20.7,22.99,22.2,20.29,14.7,5.96,3.74,11.04
T2M,2014,40.25,-74.75,-3.86,-3.5,1.05,8.74,15.99,21.01,23.01,21.99,19.99,13.97,4.73,2.64,10.56
T2M,2014,40.25,-75.25,-4.61,-4.43,0.62,8.71,16.09,21.03,22.95,21.91,19.79,13.57,4.11,2.03,10.23
T2M,2014,40.75,-72.25,1.05,0.92,2.21,7.01,12.72,18.35,21.92,21.87,20.24,16.21,9.1,6.47,11.57
T2M,2014,40.75,-72.75,-0.09,-0.1,1.79,7.18,13.35,18.89,22.25,22.17,20.37,15.84,8.3,5.56,11.36
T2M,2014,40.75,-73.25,-1.27,-1.23,1.4,7.47,14.09,19.55,22.55,22.35,20.44,15.39,7.35,4.59,11.13
T2M,2014,40.75,-73.75,-2.73,-2.7,0.93,7.81,14.86,20.14,22.83,22.44,20.29,14.68,5.97,3.34,10.73
T2M,2014,40.75,-74.25,-4.26,-4.27,0.2,7.98,15.3,20.39,22.78,22.03,19.78,13.73,4.4,2.09,10.1
T2M,2014,40.75,-74.75,-5.22,-5.28,-0.33,7.84,15.4,20.32,22.47,21.63,19.31,13.1,3.48,1.28,9.59
T2M,2014,40.75,-75.25,-5.85,-5.87,-0.74,7.58,15.29,20.11,22.07,21.22,18.86,12.62,2.9,0.71,9.16
T2M,2014,41.25,-72.25,-2.0,-2.1,0.62,6.97,13.54,18.82,22.18,21.58,19.62,14.56,6.43,3.68,10.4
T2M,2014,41.25,-72.75,-3.05,-3.08,0.16,7.04,14.06,19.34,22.42,21.8,19.65,14.17,5.65,2.81,10.16
T2M,2014,41.25,-73.25,-3.98,-4.05,-0.29,7.18,14.46,19.71,22.36,21.74,19.5,13.74,4.86,2.04,9.85
T2M,2014,41.25,-73.75,-5.11,-5.3,-0.72,7.46,14.96,20.07,22.41,21.79,19.36,13.21,3.76,1.07,9.5
T2M,2014,41.25,-74.25,-5.93,-6.22,-1.44,7.19,14.8,19.8,21.94,21.23,18.8,12.59,2.85,0.34,8.92
T2M,2014,41.25,-74.75,-6.52,-6.72,-1.89,6.84,14.62,19.47,21.47,20.74,18.27,12.12,2.24,-0.18,8.46
T2M,2014,41.25,-75.25,-7.04,-7.0,-2.23,6.49,14.36,19.1,20.94,20.14,17.66,11.65,1.77,-0.64,8.02
T2M,2014,41.75,-72.25,-4.6,-4.81,-1.01,6.85,13.98,19.15,22.11,21.02,18.63,12.81,3.83,1.18,9.18
T2M,2014,41.75,-72.75,-5.38,-5.56,-1.56,6.75,14.12,19.28,21.94,20.92,18.43,12.47,3.24,0.45,8.84
T2M,2014,41.75,-73.25,-6.14,-6.38,-2.23,6.62,14.13,19.24,21.54,20.62,18.14,12.1,2.64,-0.27,8.42
T2M,2014,41.75,-73.75,-6.39,-6.75,-2.28,6.9,14.48,19.53,21.62,20.87,18.37,12.19,2.46,-0.51,8.46
T2M,2014,41.75,-74.25,-7.35,-7.5,-3.26,6.17,13.83,18.8,20.66,19.81,17.39,11.36,1.56,-1.29,7.6
T2M,2014,41.75,-74.75,-7.92,-7.81,-3.55,5.74,13.52,18.36,20.05,19.2,16.84,10.92,1.05,-1.68,7.14
T2M,2014,41.75,-75.25,-8.13,-7.83,-3.53,5.62,13.49,18.21,19.8,18.92,16.52,10.76,0.87,-1.81,6.99
T2M,2015,39.75,-72.25,5.14,1.92,5.28,9.27,14.1,19.1,23.73,24.78,23.34,17.01,14.52,12.78,14.32
T2M,2015,39.75,-72.75,4.45,1.16,4.66,8.76,13.9,19.0,23.6,24.63,23.03,16.53,14.26,12.49,13.95
T2M,2015,39.75,-73.25,3.45,0.13,3.98,8.53,14.07,19.18,23.63,24.5,22.77,16.07,13.82,12.03,13.59
T2M,2015,39.75,-73.75,2.12,-1.25,3.24,8.71,14.73,19.72,23.73,24.36,22.55,15.61,13.14,11.35,13.26
T2M,2015,39.75,-74.25,-0.24,-3.58,2.37,9.61,16.36,20.65,23.81,23.94,22.09,14.3,11.57,10.12,12.68
T2M,2015,39.75,-74.75,-1.75,-4.94,1.89,10.3,17.59,21.38,23.87,23.82,21.91,13.27,10.45,9.28,12.35
T2M,2015,39.75,-75.25,-2.49,-5.52,1.69,10.64,18.38,21.86,24.01,24.04,21.94,12.73,9.83,8.75,12.26
T2M,2015,40.25,-72.25,3.51,0.09,3.59,7.85,13.12,18.21,23.05,24.11,22.39,15.86,13.59,11.83,13.18
T2M,2015,40.25,-72.75,2.66,-0.73,3.19,7.85,13.41,18.39,23.14,24.13,22.26,15.52,13.27,11.5,12.97
T2M,2015,40.25,-73.25,1.51,-1.85,2.68,8.07,14.1,18.84,23.4,24.23,22.24,15.11,12.71,10.97,12.75
T2M,2015,40.25,-73.75,0.32,-3.08,2.21,8.52,15.06,19.52,23.63,24.27,22.18,14.65,12.01,10.33,12.56
T2M,2015,40.25,-74.25,-2.03,-5.45,1.36,9.39,16.81,20.54,23.88,24.11,21.91,13.27,10.38,9.13,12.05
T2M,2015,40.25,-74.75,-3.35,-6.64,0.86,9.75,17.73,21.06,23.85,23.95,21.64,12.34,9.36,8.3,11.68
T2M,2015,40.25,-75.25,-3.98,-7.13,0.59,9.77,18.18,21.28,23.77,23.82,21.4,11.84,8.81,7.77,11.45
T2M,2015,40.75,-72.25,1.02,-2.57,1.93,7.33,13.2,17.91,22.73,23.71,21.69,14.71,12.21,10.45,12.12
T2M,2015,40.75,-72.75,-0.05,-3.61,1.53,7.59,13.9,18.39,23.14,23.98,21.82,14.41,11.73,9.98,12.0
T2M,2015,40.75,-73.25,-1.22,-4.76,1.14,7.98,14.89,18.98,23.54,24.16,21.89,13.96,11.11,9.41,11.86
T2M,2015,40.75,-73.75,-2.74,-6.38,0.71,8.55,16.06,19.67,23.84,24.29,21.83,13.07,10.04,8.56,11.56
T2M,2015,40.75,-74.25,-4.36,-8.09,0.03,8.84,17.13,20.2,23.81,23.93,21.43,11.97,8.85,7.63,11.06
T2M,2015,40.75,-74.75,-5.22,-8.92,-0.41,8.76,17.58,20.33,23.42,23.39,20.94,11.26,8.11,6.99,10.63
T2M,2015,40.75,-75.25,-5.67,-9.31,-0.71,8.56,17.66,20.27,23.0,22.86,20.46,10.79,7.65,6.55,10.29
T2M,2015,41.25,-72.25,-2.43,-6.61,0.05,7.4,14.59,18.28,22.91,23.68,21.25,13.02,9.94,8.35,10.98
T2M,2015,41.25,-72.75,-3.47,-7.65,-0.34,7.58,15.31,18.74,23.28,23.9,21.38,12.65,9.44,7.84,10.83
T2M,2015,41.25,-73.25,-4.45,-8.51,-0.64,7.75,16.06,19.1,23.4,23.83,21.25,12.14,8.89,7.32,10.63
T2M,2015,41.25,-73.75,-5.76,-9.74,-0.94,8.14,16.92,19.51,23.49,23.79,21.05,11.3,8.02,6.6,10.32
T2M,2015,41.25,-74.25,-6.57,-10.57,-1.36,7.89,17.14,19.46,22.94,23.05,20.45,10.57,7.3,5.94,9.81
T2M,2015,41.25,-74.75,-6.92,-10.93,-1.71,7.58,17.14,19.3,22.31,22.32,19.94,10.13,6.87,5.54,9.42
T2M,2015,41.25,-75.25,-7.12,-11.15,-2.06,7.27,16.9,19.07,21.66,21.6,19.43,9.73,6.53,5.24,9.04
T2M,2015,41.75,-72.25,-5.49,-10.29,-1.65,7.23,15.97,18.37,22.81,23.43,20.65,11.15,7.73,6.21,9.8
T2M,2015,41.75,-72.75,-6.29,-10.97,-1.96,7.15,16.25,18.49,22.73,23.27,20.5,10.75,7.32,5.8,9.54
T2M,2015,41.75,-73.25,-7.11,-11.49,-2.28,6.99,16.42,18.49,22.42,22.87,20.11,10.2,6.84,5.33,9.19
T2M,2015,41.75,-73.75,-7.45,-11.53,-2.09,7.27,16.85,18.78,22.61,22.94,20.1,10.01,6.76,5.13,9.24
T2M,2015,41.75,-74.25,-8.08,-12.06,-2.75,6.53,16.34,18.18,21.44,21.58,19.12,9.2,6.01,4.44,8.45
T2M,2015,41.75,-74.75,-8.3,-12.3,-3.2,6.17,16.03,17.97,20.72,20.82,18.8,8.88,5.7,4.08,8.07
T2M,2015,41.75,-75.25,-8.2,-12.27,-3.35,6.09,15.94,18.0,20.38,20.45,18.73,8.8,5.64,4.04,7.97
T2M,2016,39.75,-72.25,7.13,6.12,8.07,9.35,12.9,18.12,23.5,25.07,21.56,17.48,13.52,8.88,14.34
T2M,2016,39.75,-72.75,6.51,5.63,7.59,8.91,12.53,18.35,23.75,25.14,21.53,17.03,13.18,8.43,14.08
T2M,2016,39.75,-73.25,5.64,5.06,7.31,8.81,12.56,18.74,23.99,25.18,21.64,16.62,12.63,7.68,13.85
T2M,2016,39.75,-73.75,4.35,4.28,7.19,9.03,13.11,19.31,24.21,25.15,21.8,16.36,11.68,6.4,13.6
T2M,2016,39.75,-74.25,1.71,3.05,7.45,9.63,14.23,20.29,24.71,25.28,21.86,15.53,9.83,4.05,13.17
T2M,2016,39.75,-74.75,-0.14,2.2,7.68,10.05,14.96,20.91,25.24,25.63,22.05,14.83,8.61,2.5,12.91
T2M,2016,39.75,-75.25,-1.1,1.69,7.76,10.27,15.31,21.33,25.79,25.95,22.21,14.4,8.06,1.72,12.81
T2M,2016,40.25,-72.25,5.78,4.83,6.8,8.31,12.08,17.84,23.12,24.54,20.99,16.5,12.66,7.77,13.47
T2M,2016,40.25,-72.75,5.06,4.36,6.67,8.35,12.26,18.31,23.44,24.72,21.17,16.16,12.2,7.15,13.35
T2M,2016,40.25,-73.25,3.98,3.73,6.65,8.64,12.74,18.9,23.82,24.84,21.42,15.84,11.45,6.16,13.21
T2M,2016,40.25,-73.75,2.73,3.11,6.71,9.02,13.42,19.55,24.21,24.9,21.64,15.58,10.52,4.97,13.06
T2M,2016,40.25,-74.25,0.24,2.02,6.93,9.5,14.44,20.6,24.93,25.16,21.65,14.67,8.77,2.49,12.65
T2M,2016,40.25,-74.75,-1.25,1.26,6.99,9.68,14.88,21.02,25.32,25.28,21.59,13.94,7.76,1.14,12.33
T2M,2016,40.25,-75.25,-2.04,0.75,6.89,9.64,14.96,21.19,25.52,25.26,21.51,13.5,7.27,0.5,12.11
T2M,2016,40.75,-72.25,3.7,3.19,5.91,7.88,12.32,18.18,23.06,24.19,20.77,15.54,11.11,5.8,12.67
T2M,2016,40.75,-72.75,2.74,2.62,5.92,8.19,12.8,18.83,23.61,24.54,21.09,15.26,10.47,4.87,12.61
T2M,2016,40.75,-73.25,1.64,2.05,6.03,8.59,13.39,19.47,24.12,24.71,21.28,14.9,9.67,3.78,12.5
T2M,2016,40.75,-73.75,0.19,1.42,6.16,8.93,14.02,20.2,24.7,24.82,21.32,14.3,8.48,2.31,12.27
T2M,2016,40.75,-74.25,-1.44,0.63,6.09,9.03,14.46,20.78,24.94,24.68,21.03,13.5,7.41,0.68,11.85
T2M,2016,40.75,-74.75,-2.42,0.04,5.94,8.87,14.51,20.77,24.87,24.38,20.69,12.81,6.75,-0.18,11.45
T2M,2016,40.75,-75.25,-3.04,-0.44,5.68,8.59,14.34,20.54,24.63,24.06,20.4,12.35,6.28,-0.7,11.09
T2M,2016,41.25,-72.25,0.69,1.14,5.33,7.72,13.18,18.95,23.67,24.06,20.45,14.04,8.58,2.64,11.74
T2M,2016,41.25,-72.75,-0.16,0.62,5.33,8.0,13.58,19.5,24.16,24.36,20.64,13.75,8.01,1.75,11.66
T2M,2016,41.25,-73.25,-0.96,0.17,5.32,8.2,13.89,19.85,24.39,24.35,20.61,13.33,7.42,0.9,11.49
T2M,2016,41.25,-73.75,-2.07,-0.24,5.36,8.34,14.28,20.38,24.71,24.37,20.6,12.79,6.45,-0.28,11.26
T2M,2016,41.25,-74.25,-2.92,-0.8,5.01,8.06,14.17,20.32,24.34,23.79,20.11,12.15,5.97,-0.99,10.8
T2M,2016,41.25,-74.75,-3.49,-1.22,4.72,7.71,13.97,19.95,23.94,23.32,19.69,11.6,5.62,-1.35,10.4
T2M,2016,41.25,-75.25,-3.94,-1.61,4.39,7.24,13.62,19.41,23.43,22.83,19.24,11.15,5.18,-1.73,9.97
T2M,2016,41.75,-72.25,-1.91,-0.75,4.56,7.22,13.63,19.41,24.21,23.89,19.75,12.32,6.24,-0.25,10.73
T2M,2016,41.75,-72.75,-2.47,-1.11,4.45,7.27,13.71,19.53,24.2,23.82,19.69,12.02,5.86,-0.87,10.54
T2M,2016,41.75,-73.25,-3.06,-1.49,4.21,7.16,13.69,19.42,23.93,23.53,19.49,11.62,5.4,-1.51,10.23
T2M,2016,41.75,-73.75,-3.2,-1.35,4.33,7.36,13.99,19.8,24.07,23.66,19.83,11.71,5.26,-1.67,10.35
T2M,2016,41.75,-74.25,-4.09,-2.1,3.59,6.47,13.29,18.98,22.95,22.57,18.9,10.86,4.7,-2.32,9.52
T2M,2016,41.75,-74.75,-4.58,-2.5,3.25,6.07,12.97,18.5,22.44,21.98,18.39,10.33,4.26,-2.62,9.08
T2M,2016,41.75,-75.25,-4.72,-2.6,3.2,5.85,12.86,18.26,22.27,21.79,18.17,10.11,4.03,-2.7,8.91
T2M,2017,39.75,-72.25,7.88,7.61,5.69,9.57,12.86,17.52,22.81,22.72,20.53,18.24,13.12,7.54,13.88
T2M,2017,39.75,-72.75,7.25,7.09,5.35,9.45,12.78,17.87,23.04,22.81,20.53,18.17,12.72,7.1,13.72
T2M,2017,39.75,-73.25,6.38,6.41,4.98,9.7,13.03,18.37,23.21,22.98,20.62,18.16,12.23,6.43,13.58
T2M,2017,39.75,-73.75,5.18,5.57,4.56,10.32,13.66,19.0,23.25,23.14,20.77,18.05,11.45,5.32,13.4
T2M,2017,39.75,-74.25,3.45,4.83,4.14,11.85,14.79,20.33,23.87,22.9,20.71,17.35,9.3,3.03,13.09
T2M,2017,39.75,-74.75,2.44,4.51,3.9,12.98,15.56,21.34,24.51,22.68,20.66,16.84,7.73,1.51,12.93
T2M,2017,39.75,-75.25,1.9,4.39,3.78,13.57,15.91,21.99,25.01,22.57,20.6,16.52,6.92,0.73,12.86
T2M,2017,40.25,-72.25,6.57,6.2,4.49,8.79,12.15,17.2,22.36,22.33,20.04,17.78,12.14,6.36,13.08
T2M,2017,40.25,-72.75,5.86,5.66,4.22,9.06,12.46,17.81,22.62,22.51,20.19,17.76,11.63,5.78,13.01
T2M,2017,40.25,-73.25,4.91,4.98,3.85,9.61,13.02,18.54,22.89,22.7,20.37,17.72,10.87,4.88,12.91
T2M,2017,40.25,-73.75,3.88,4.37,3.59,10.3,13.72,19.22,23.06,22.79,20.52,17.57,9.94,3.82,12.78
T2M,2017,40.25,-74.25,2.23,3.58,3.08,11.72,14.67,20.38,23.75,22.48,20.41,16.81,7.69,1.54,12.4
T2M,2017,40.25,-74.75,1.33,3.17,2.7,12.51,15.07,20.98,24.13,22.16,20.25,16.23,6.34,0.24,12.14
T2M,2017,40.25,-75.25,0.83,2.99,2.46,12.81,15.14,21.26,24.24,21.91,20.04,15.79,5.65,-0.43,11.93
T2M,2017,40.75,-72.25,4.58,4.29,3.08,8.7,12.23,17.55,22.12,22.08,19.93,17.4,10.51,4.25,12.27
T2M,2017,40.75,-72.75,3.73,3.68,2.76,9.24,12.75,18.33,22.54,22.34,20.2,17.39,9.8,3.45,12.23
T2M,2017,40.75,-73.25,2.84,3.11,2.43,9.89,13.36,19.05,22.86,22.44,20.3,17.24,8.91,2.53,12.13
T2M,2017,40.75,-73.75,1.77,2.48,2.06,10.62,13.97,19.64,23.06,22.34,20.28,16.83,7.48,1.21,11.86
T2M,2017,40.75,-74.25,0.63,1.84,1.49,11.32,14.27,20.08,23.23,21.83,19.94,16.07,5.88,-0.32,11.4
T2M,2017,40.75,-74.75,-0.01,1.47,1.08,11.63,14.23,20.14,23.11,21.28,19.56,15.38,4.95,-1.21,11.01
T2M,2017,40.75,-75.25,-0.45,1.23,0.79,11.64,14.04,20.01,22.82,20.79,19.14,14.79,4.35,-1.74,10.66
T2M,2017,41.25,-72.25,1.96,1.86,1.34,9.31,12.78,18.4,22.05,21.8,19.92,16.59,7.78,0.89,11.27
T2M,2017,41.25,-72.75,1.2,1.4,1.01,9.8,13.22,18.95,22.46,21.97,20.08,16.49,7.03,0.16,11.2
T2M,2017,41.25,-73.25,0.51,1.04,0.72,10.2,13.54,19.27,22.58,21.85,19.97,16.22,6.24,-0.46,11.02
T2M,2017,41.25,-73.75,-0.27,0.57,0.39,10.7,13.86,19.53,22.67,21.69,19.78,15.8,5.06,-1.39,10.75
T2M,2017,41.25,-74.25,-0.95,0.16,-0.16,10.65,13.6,19.35,22.36,20.98,19.22,15.08,4.14,-2.11,10.24
T2M,2017,41.25,-74.75,-1.38,-0.1,-0.54,10.61,13.3,19.09,21.95,20.28,18.71,14.42,3.6,-2.56,9.83
T2M,2017,41.25,-75.25,-1.75,-0.31,-0.85,10.45,12.97,18.75,21.43,19.56,18.11,13.79,3.16,-2.93,9.41
T2M,2017,41.75,-72.25,-0.33,-0.31,-0.36,9.59,13.03,18.74,21.65,21.16,19.54,15.48,5.15,-2.21,10.15
T2M,2017,41.75,-72.75,-0.88,-0.62,-0.68,9.77,13.16,18.81,21.74,21.07,19.41,15.25,4.55,-2.65,9.96
T2M,2017,41.75,-73.25,-1.47,-0.94,-1.1,9.79,13.11,18.71,21.57,20.77,19.07,14.87,3.89,-3.02,9.65
T2M,2017,41.75,-73.75,-1.54,-0.8,-1.01,10.12,13.35,18.89,21.82,20.88,19.17,14.9,3.71,-2.9,9.76
T2M,2017,41.75,-74.25,-2.37,-1.29,-1.86,9.46,12.52,18.2,21.04,19.67,18.02,13.86,2.77,-3.59,8.92
T2M,2017,41.75,-74.75,-2.73,-1.57,-2.21,9.31,12.13,17.83,20.6,18.89,17.4,13.2,2.33,-3.85,8.49
T2M,2017,41.75,-75.25,-2.81,-1.54,-2.19,9.4,12.08,17.76,20.39,18.46,17.06,12.91,2.2,-3.87,8.37
T2M,2018,39.75,-72.25,5.15,7.11,5.61,8.11,13.09,17.96,23.16,25.15,22.22,17.02,11.12,8.2,13.7
T2M,2018,39.75,-72.75,4.39,6.46,5.14,7.5,12.83,18.03,23.26,25.17,22.17,16.9,10.9,7.95,13.44
T2M,2018,39.75,-73.25,3.32,5.76,4.72,7.28,13.11,18.39,23.41,25.11,22.19,16.82,10.56,7.54,13.23
T2M,2018,39.75,-73.75,1.92,4.97,4.26,7.5,14.14,19.12,23.58,25.03,22.26,16.64,9.89,6.78,13.05
T2M,2018,39.75,-74.25,-0.0,4.56,3.54,8.16,16.24,20.37,23.87,24.99,22.23,15.41,7.9,4.88,12.72
T2M,2018,39.75,-74.75,-1.14,4.3,3.09,8.65,17.75,21.12,24.13,24.83,22.01,14.47,6.4,3.64,12.48
T2M,2018,39.75,-75.25,-1.68,3.97,2.83,8.84,18.62,21.48,24.48,24.71,21.85,13.96,5.52,3.0,12.34
T2M,2018,40.25,-72.25,3.57,5.71,4.55,6.95,12.33,17.37,22.84,24.66,21.41,16.31,10.4,7.17,12.82
T2M,2018,40.25,-72.75,2.69,5.2,4.27,6.82,12.69,17.81,23.07,24.69,21.53,16.18,10.03,6.81,12.7
T2M,2018,40.25,-73.25,1.56,4.66,3.95,6.92,13.52,18.51,23.34,24.71,21.69,15.92,9.37,6.18,12.58
T2M,2018,40.25,-73.75,0.45,4.14,3.56,7.23,14.72,19.33,23.6,24.72,21.78,15.59,8.53,5.42,12.47
T2M,2018,40.25,-74.25,-1.31,3.62,2.8,7.76,16.65,20.41,24.0,24.59,21.6,14.17,6.49,3.63,12.08
T2M,2018,40.25,-74.75,-2.23,3.06,2.32,7.94,17.69,20.8,24.06,24.25,21.21,13.29,5.15,2.59,11.73
T2M,2018,40.25,-75.25,-2.69,2.54,1.96,7.85,18.16,20.84,24.06,23.89,20.89,12.8,4.33,2.02,11.44
T2M,2018,40.75,-72.25,1.23,4.14,3.56,6.39,12.69,17.46,22.75,24.2,20.94,15.26,8.96,5.42,11.96
T2M,2018,40.75,-72.75,0.21,3.64,3.26,6.45,13.55,18.15,23.22,24.36,21.16,15.04,8.36,4.83,11.9
T2M,2018,40.75,-73.25,-0.79,3.22,2.93,6.62,14.64,18.9,23.61,24.45,21.28,14.63,7.53,4.12,11.81
T2M,2018,40.75,-73.75,-1.97,2.74,2.47,6.85,15.84,19.64,23.92,24.39,21.12,13.8,6.2,3.09,11.56
T2M,2018,40.75,-74.25,-2.98,1.99,1.67,6.82,16.76,20.07,24.02,23.94,20.68,12.67,4.7,1.93,11.08
T2M,2018,40.75,-74.75,-3.54,1.31,1.1,6.64,17.17,20.02,23.68,23.39,20.15,11.94,3.68,1.21,10.62
T2M,2018,40.75,-75.25,-3.91,0.76,0.63,6.37,17.29,19.83,23.2,22.88,19.72,11.49,2.97,0.75,10.22
T2M,2018,41.25,-72.25,-1.68,2.43,2.35,6.0,14.27,18.13,23.09,23.97,20.37,13.35,6.31,2.68,10.99
T2M,2018,41.25,-72.75,-2.54,1.91,2.01,5.98,15.1,18.71,23.55,24.01,20.46,13.04,5.58,2.09,10.88
T2M,2018,41.25,-73.25,-3.2,1.46,1.59,5.96,15.86,19.13,23.77,23.89,20.34,12.63,4.82,1.55,10.7
T2M,2018,41.25,-73.75,-4.05,1.0,1.18,6.05,16.59,19.59,24.01,23.72,20.1,11.85,3.76,0.78,10.44
T2M,2018,41.25,-74.25,-4.54,0.22,0.29,5.58,16.56,19.41,23.62,23.05,19.5,11.11,2.84,0.13,9.87
T2M,2018,41.25,-74.75,-4.88,-0.34,-0.38,5.18,16.48,19.1,22.96,22.43,18.99,10.6,2.19,-0.29,9.4
T2M,2018,41.25,-75.25,-5.2,-0.78,-0.95,4.8,16.35,18.75,22.17,21.84,18.55,10.22,1.64,-0.64,8.95
T2M,2018,41.75,-72.25,-4.13,0.75,1.04,5.31,15.57,18.55,23.33,23.52,19.46,11.24,3.61,0.17,9.93
T2M,2018,41.75,-72.75,-4.71,0.2,0.68,5.1,15.9,18.73,23.44,23.23,19.32,10.94,2.98,-0.23,9.69
T2M,2018,41.75,-73.25,-5.21,-0.36,0.12,4.84,16.07,18.76,23.34,22.85,18.99,10.55,2.33,-0.64,9.36
T2M,2018,41.75,-73.75,-5.19,-0.55,0.12,5.06,16.41,19.14,23.74,22.92,19.06,10.51,2.17,-0.6,9.46
T2M,2018,41.75,-74.25,-5.82,-1.3,-1.44,4.14,15.76,18.36,22.54,21.9,18.17,9.69,1.23,-1.34,8.55
T2M,2018,41.75,-74.75,-6.2,-1.76,-2.24,3.69,15.46,17.96,21.76,21.28,17.78,9.26,0.7,-1.68,8.06
T2M,2018,41.75,-75.25,-6.29,-1.87,-2.56,3.56,15.49,17.86,21.27,21.0,17.68,9.17,0.46,-1.75,7.89
T2M,2019,39.75,-72.25,5.18,5.2,6.14,10.31,12.88,19.0,24.02,24.58,21.61,17.86,12.05,9.41,14.07
T2M,2019,39.75,-72.75,4.72,4.7,5.61,9.89,12.88,18.98,24.21,24.44,21.42,17.47,11.48,8.97,13.79
T2M,2019,39.75,-73.25,4.05,4.03,5.17,9.79,13.2,19.43,24.44,24.25,21.27,17.18,10.74,8.14,13.53
T2M,2019,39.75,-73.75,3.08,3.22,4.71,10.13,14.02,20.12,24.75,23.98,21.15,16.94,9.73,6.86,13.29
T2M,2019,39.75,-74.25,1.3,2.02,4.18,11.23,15.64,20.92,24.88,23.72,21.01,16.31,7.43,4.71,12.84
T2M,2019,39.75,-74.75,0.1,1.22,3.81,12.07,16.86,21.42,24.98,23.66,21.24,15.98,5.81,3.28,12.6
T2M,2019,39.75,-75.25,-0.55,0.76,3.58,12.56,17.61,21.67,25.17,24.05,21.75,15.89,5.03,2.48,12.56
T2M,2019,40.25,-72.25,3.99,3.87,4.86,8.92,12.12,18.19,23.52,23.84,20.88,16.83,10.93,7.96,13.05
T2M,2019,40.25,-72.75,3.43,3.35,4.56,9.07,12.56,18.62,23.88,23.75,20.84,16.62,10.23,7.35,12.91
T2M,2019,40.25,-73.25,2.6,2.68,4.2,9.44,13.27,19.32,24.24,23.68,20.84,16.43,9.3,6.33,12.76
T2M,2019,40.25,-73.75,1.73,2.08,3.89,9.91,14.14,19.94,24.53,23.51,20.85,16.26,8.26,5.15,12.58
T2M,2019,40.25,-74.25,-0.05,0.85,3.3,10.99,15.58,20.61,24.74,23.39,20.76,15.65,5.94,3.04,12.13
T2M,2019,40.25,-74.75,-1.15,0.06,2.84,11.52,16.45,20.85,24.73,23.28,20.87,15.26,4.53,1.77,11.82
T2M,2019,40.25,-75.25,-1.81,-0.39,2.48,11.69,16.89,20.83,24.62,23.33,21.03,15.01,3.82,1.05,11.61
T2M,2019,40.75,-72.25,2.12,2.09,3.64,8.64,12.31,18.06,23.39,23.2,20.26,15.84,9.07,5.6,12.08
T2M,2019,40.75,-72.75,1.38,1.48,3.3,8.9,12.97,18.76,23.96,23.33,20.39,15.72,8.2,4.73,11.99
T2M,2019,40.75,-73.25,0.55,0.91,2.95,9.29,13.74,19.45,24.4,23.35,20.46,15.52,7.19,3.73,11.86
T2M,2019,40.75,-73.75,-0.53,0.3,2.6,9.82,14.57,19.92,24.61,23.22,20.45,15.14,5.68,2.35,11.58
T2M,2019,40.75,-74.25,-1.84,-0.59,2.03,10.33,15.31,20.03,24.5,22.86,20.12,14.61,4.11,0.87,11.1
T2M,2019,40.75,-74.75,-2.74,-1.21,1.55,10.46,15.67,19.88,24.16,22.45,19.91,14.15,3.16,0.03,10.69
T2M,2019,40.75,-75.25,-3.34,-1.64,1.18,10.38,15.79,19.6,23.79,22.06,19.7,13.74,2.56,-0.46,10.35
T2M,2019,41.25,-72.25,-0.65,-0.16,2.13,8.71,12.95,18.53,23.73,22.82,19.46,14.36,6.08,2.37,10.93
T2M,2019,41.25,-72.75,-1.39,-0.69,1.76,8.88,13.5,19.07,24.28,23.03,19.56,14.19,5.21,1.55,10.81
T2M,2019,41.25,-73.25,-2.1,-1.11,1.4,9.03,13.96,19.4,24.43,22.9,19.53,13.96,4.35,0.79,10.61
T2M,2019,41.25,-73.75,-3.0,-1.56,1.13,9.46,14.58,19.65,24.42,22.69,19.55,13.65,3.1,-0.32,10.35
T2M,2019,41.25,-74.25,-3.81,-2.14,0.66,9.38,14.68,19.28,23.88,21.94,19.04,13.25,2.29,-1.13,9.84
T2M,2019,41.25,-74.75,-4.4,-2.54,0.25,9.25,14.68,18.87,23.35,21.25,18.63,12.82,1.79,-1.53,9.43
T2M,2019,41.25,-75.25,-4.92,-2.89,-0.08,9.0,14.55,18.41,22.84,20.62,18.18,12.33,1.33,-1.79,9.03
T2M,2019,41.75,-72.25,-3.36,-2.2,0.62,8.45,13.12,18.79,23.76,22.29,18.47,12.71,3.25,-0.34,9.7
T2M,2019,41.75,-72.75,-3.97,-2.61,0.31,8.44,13.4,18.91,23.91,22.24,18.39,12.49,2.56,-0.95,9.5
T2M,2019,41.75,-73.25,-4.61,-3.02,-0.09,8.37,13.54,18.85,23.66,21.9,18.22,12.21,1.86,-1.59,9.18
T2M,2019,41.75,-73.75,-4.75,-2.92,0.03,8.76,14.02,19.05,23.75,21.98,18.59,12.35,1.64,-1.87,9.29
T2M,2019,41.75,-74.25,-5.68,-3.7,-0.78,8.15,13.52,18.22,22.73,20.67,17.69,11.72,0.82,-2.55,8.47
T2M,2019,41.75,-74.75,-6.19,-4.01,-1.15,7.91,13.35,17.72,22.18,19.91,17.21,11.35,0.44,-2.84,8.06
T2M,2019,41.75,-75.25,-6.38,-4.02,-1.19,7.87,13.37,17.5,21.97,19.55,17.01,11.14,0.26,-2.82,7.92
T2M,2020,39.75,-72.25,7.44,7.14,8.01,8.66,11.36,17.98,23.51,24.33,21.23,17.76,14.49,9.79,14.34
T2M,2020,39.75,-72.75,7.13,6.61,7.73,8.41,11.25,18.25,23.88,24.24,21.18,17.46,14.16,9.17,14.15
T2M,2020,39.75,-73.25,6.66,6.09,7.61,8.46,11.5,18.74,24.27,24.22,21.19,17.18,13.66,8.35,14.02
T2M,2020,39.75,-73.75,5.77,5.44,7.49,8.72,12.15,19.46,24.7,24.2,21.19,16.85,12.89,7.07,13.85
T2M,2020,39.75,-74.25,4.14,4.51,7.68,9.06,13.47,20.67,25.33,24.23,20.54,15.86,11.22,4.64,13.48
T2M,2020,39.75,-74.75,3.08,3.93,7.85,9.31,14.37,21.51,25.97,24.32,20.03,15.06,10.08,2.94,13.23
T2M,2020,39.75,-75.25,2.5,3.57,7.85,9.42,14.78,22.04,26.51,24.4,19.76,14.56,9.51,2.04,13.11
T2M,2020,40.25,-72.25,6.31,5.83,7.12,7.82,10.9,17.83,23.38,23.77,20.61,16.93,13.68,8.58,13.59
T2M,2020,40.25,-72.75,5.92,5.47,7.07,7.96,11.2,18.36,23.89,23.87,20.7,16.71,13.25,7.84,13.54
T2M,2020,40.25,-73.25,5.26,4.94,7.01,8.2,11.74,19.1,24.52,24.07,20.79,16.39,12.52,6.8,13.47
T2M,2020,40.25,-73.75,4.47,4.32,6.99,8.44,12.39,19.87,24.98,24.09,20.73,15.9,11.66,5.5,13.31
T2M,2020,40.25,-74.25,2.91,3.37,7.06,8.6,13.52,20.95,25.6,24.11,20.01,14.79,9.94,3.1,12.86
T2M,2020,40.25,-74.75,1.97,2.74,6.97,8.59,14.05,21.32,25.95,24.04,19.47,14.02,9.0,1.71,12.52
T2M,2020,40.25,-75.25,1.43,2.31,6.77,8.47,14.18,21.37,26.09,23.91,19.12,13.51,8.52,0.96,12.25
T2M,2020,40.75,-72.25,4.55,4.29,6.29,7.48,11.3,18.38,23.59,23.58,20.13,15.93,12.21,6.53,12.88
T2M,2020,40.75,-72.75,3.93,3.8,6.23,7.69,11.81,19.1,24.3,23.94,20.28,15.68,11.6,5.58,12.86
T2M,2020,40.75,-73.25,3.24,3.26,6.2,7.88,12.35,19.83,24.95,24.15,20.31,15.28,10.83,4.5,12.76
T2M,2020,40.75,-73.75,2.37,2.56,6.17,7.97,12.89,20.6,25.42,24.14,19.94,14.46,9.68,2.98,12.46
T2M,2020,40.75,-74.25,1.29,1.7,5.95,7.79,13.32,20.99,25.51,23.73,19.21,13.45,8.46,1.41,11.93
T2M,2020,40.75,-74.75,0.58,1.06,5.64,7.54,13.4,20.77,25.33,23.3,18.64,12.79,7.79,0.45,11.47
T2M,2020,40.75,-75.25,0.08,0.61,5.28,7.25,13.25,20.35,24.98,22.88,18.2,12.3,7.34,-0.16,11.06
T2M,2020,41.25,-72.25,2.12,2.08,5.29,6.95,12.2,19.49,24.24,23.8,19.52,14.26,9.89,3.48,11.98
T2M,2020,41.25,-72.75,1.48,1.53,5.14,7.06,12.56,20.05,24.81,24.03,19.44,13.88,9.24,2.6,11.85
T2M,2020,41.25,-73.25,0.92,1.01,5.0,7.06,12.76,20.36,25.04,23.9,19.19,13.42,8.62,1.76,11.62
T2M,2020,41.25,-73.75,0.26,0.45,4.94,7.11,13.05,20.74,25.33,23.76,18.83,12.81,7.69,0.63,11.33
T2M,2020,41.25,-74.25,-0.43,-0.25,4.53,6.69,12.85,20.38,24.88,23.0,18.2,12.12,7.01,-0.13,10.77
T2M,2020,41.25,-74.75,-0.94,-0.77,4.16,6.38,12.57,19.8,24.37,22.37,17.73,11.66,6.59,-0.69,10.3
T2M,2020,41.25,-75.25,-1.39,-1.21,3.76,6.01,12.24,19.16,23.66,21.71,17.22,11.2,6.21,-1.12,9.82
T2M,2020,41.75,-72.25,-0.11,-0.18,4.04,6.1,12.63,20.07,24.63,23.75,18.68,12.41,7.7,0.84,10.92
T2M,2020,41.75,-72.75,-0.6,-0.69,3.81,6.09,12.64,20.17,24.75,23.55,18.35,12.02,7.16,0.23,10.66
T2M,2020,41.75,-73.25,-1.1,-1.22,3.53,5.93,12.52,20.04,24.6,23.05,17.89,11.58,6.6,-0.4,10.29
T2M,2020,41.75,-73.75,-1.11,-1.29,3.7,6.21,12.73,20.11,24.85,22.94,17.9,11.62,6.45,-0.53,10.33
T2M,2020,41.75,-74.25,-1.99,-2.26,3.0,5.3,11.95,19.08,23.65,21.67,16.96,10.79,5.75,-1.26,9.43
T2M,2020,41.75,-74.75,-2.48,-2.94,2.68,4.98,11.54,18.47,23.05,21.03,16.51,10.4,5.36,-1.74,8.94
T2M,2020,41.75,-75.25,-2.66,-3.17,2.6,4.91,11.45,18.17,22.69,20.71,16.29,10.24,5.21,-1.91,8.75
T2M,2021,39.75,-72.25,6.97,6.02,7.64,9.68,13.1,18.89,23.24,24.27,22.76,19.24,13.11,10.97,14.71
T2M,2021,39.75,-72.75,6.44,5.43,7.15,9.46,13.18,18.71,23.25,24.18,22.42,19.02,12.67,10.49,14.42
T2M,2021,39.75,-73.25,5.66,4.62,6.69,9.47,13.53,18.96,23.4,24.16,22.2,18.8,12.12,9.82,14.18
T2M,2021,39.75,-73.75,4.44,3.48,6.24,9.78,14.18,19.64,23.59,24.26,21.93,18.5,11.2,8.79,13.9
T2M,2021,39.75,-74.25,2.25,1.64,6.05,10.43,15.2,20.87,23.97,24.39,21.42,17.63,8.87,6.93,13.38
T2M,2021,39.75,-74.75,0.9,0.34,6.11,10.9,15.82,21.72,24.59,24.83,21.1,17.08,7.31,5.74,13.12
T2M,2021,39.75,-75.25,0.29,-0.41,6.22,11.2,16.13,22.3,25.26,25.31,20.89,16.79,6.51,5.16,13.06
T2M,2021,40.25,-72.25,5.45,4.48,6.15,8.7,12.76,18.32,22.54,23.61,22.06,18.5,12.1,9.73,13.76
T2M,2021,40.25,-72.75,4.82,3.88,5.9,8.91,13.15,18.59,22.75,23.71,21.83,18.34,11.66,9.23,13.62
T2M,2021,40.25,-73.25,3.9,2.99,5.69,9.25,13.7,19.23,23.14,23.93,21.67,18.1,10.89,8.46,13.48
T2M,2021,40.25,-73.75,2.82,1.89,5.55,9.65,14.22,20.04,23.48,24.12,21.35,17.74,9.86,7.53,13.26
T2M,2021,40.25,-74.25,0.83,0.01,5.37,10.24,15.08,21.2,24.03,24.29,20.64,16.75,7.49,5.6,12.71
T2M,2021,40.25,-74.75,-0.24,-1.23,5.31,10.46,15.44,21.68,24.39,24.49,20.16,16.11,6.15,4.51,12.36
T2M,2021,40.25,-75.25,-0.74,-2.01,5.26,10.5,15.48,21.86,24.57,24.62,19.81,15.73,5.48,3.98,12.14
T2M,2021,40.75,-72.25,3.17,2.55,4.83,8.38,13.05,18.52,22.25,23.41,21.37,17.6,10.46,7.85,12.85
T2M,2021,40.75,-72.75,2.3,1.8,4.68,8.78,13.6,19.2,22.68,23.74,21.24,17.41,9.8,7.15,12.77
T2M,2021,40.75,-73.25,1.39,0.88,4.62,9.23,14.14,19.98,23.07,23.98,21.0,17.1,8.9,6.38,12.63
T2M,2021,40.75,-73.75,0.23,-0.36,4.58,9.64,14.52,20.8,23.38,24.09,20.36,16.42,7.44,5.24,12.27
T2M,2021,40.75,-74.25,-0.98,-1.95,4.36,9.75,14.74,21.29,23.62,23.94,19.54,15.52,5.86,3.9,11.71
T2M,2021,40.75,-74.75,-1.69,-3.04,4.16,9.64,14.7,21.3,23.54,23.73,18.99,14.92,4.93,3.09,11.28
T2M,2021,40.75,-75.25,-2.08,-3.81,4.01,9.46,14.52,21.11,23.25,23.49,18.59,14.52,4.37,2.62,10.93
T2M,2021,41.25,-72.25,0.06,0.09,3.72,8.43,13.74,19.6,22.17,23.45,20.35,16.05,7.75,4.97,11.77
T2M,2021,41.25,-72.75,-0.75,-0.74,3.6,8.75,14.09,20.2,22.51,23.72,20.11,15.76,7.03,4.3,11.62
T2M,2021,41.25,-73.25,-1.43,-1.63,3.52,9.01,14.26,20.65,22.63,23.69,19.7,15.39,6.28,3.75,11.4
T2M,2021,41.25,-73.75,-2.2,-2.57,3.53,9.33,14.44,21.17,22.85,23.7,19.13,14.85,5.12,2.89,11.1
T2M,2021,41.25,-74.25,-2.84,-3.81,3.22,9.02,14.1,21.0,22.64,23.23,18.42,14.21,4.3,2.13,10.56
T2M,2021,41.25,-74.75,-3.21,-4.62,2.99,8.72,13.79,20.66,22.26,22.76,17.93,13.8,3.75,1.65,10.13
T2M,2021,41.25,-75.25,-3.51,-5.25,2.8,8.36,13.45,20.2,21.72,22.29,17.5,13.46,3.31,1.3,9.73
T2M,2021,41.75,-72.25,-2.56,-2.29,2.77,8.29,13.99,20.51,21.64,22.96,19.0,14.25,5.24,2.23,10.58
T2M,2021,41.75,-72.75,-3.16,-3.06,2.6,8.39,13.93,20.65,21.67,22.94,18.64,13.95,4.71,1.82,10.34
T2M,2021,41.75,-73.25,-3.72,-3.93,2.39,8.39,13.72,20.63,21.59,22.75,18.19,13.58,4.14,1.44,10.01
T2M,2021,41.75,-73.75,-3.64,-4.17,2.63,8.76,13.88,20.98,21.96,23.01,18.19,13.69,4.03,1.44,10.15
T2M,2021,41.75,-74.25,-4.6,-5.49,1.99,7.94,13.03,20.14,21.23,22.04,17.28,12.93,3.1,0.69,9.28
T2M,2021,41.75,-74.75,-4.98,-6.13,1.72,7.48,12.6,19.63,20.76,21.49,16.8,12.62,2.58,0.31,8.83
T2M,2021,41.75,-75.25,-4.93,-6.43,1.77,7.32,12.46,19.39,20.5,21.28,16.58,12.61,2.39,0.25,8.69
T2M,2022,39.75,-72.25,5.8,6.82,7.89,9.87,12.85,18.94,23.72,24.89,22.33,17.65,14.23,9.44,14.58
T2M,2022,39.75,-72.75,5.12,6.13,7.3,9.59,12.72,19.13,23.74,24.72,22.24,17.23,13.74,8.62,14.23
T2M,2022,39.75,-73.25,4.28,5.31,6.76,9.44,12.99,19.5,23.83,24.59,22.07,16.69,13.24,7.67,13.91
T2M,2022,39.75,-73.75,3.03,4.34,6.37,9.49,13.73,19.97,23.99,24.65,21.84,16.04,12.5,6.4,13.58
T2M,2022,39.75,-74.25,0.67,3.09,6.38,10.05,15.4,20.75,24.83,25.21,21.5,14.69,10.8,4.06,13.17
T2M,2022,39.75,-74.75,-0.82,2.34,6.5,10.39,16.61,21.41,25.7,25.87,21.15,13.53,9.52,2.44,12.94
T2M,2022,39.75,-75.25,-1.59,1.87,6.52,10.43,17.2,21.91,26.23,26.16,20.86,12.71,8.79,1.54,12.78
T2M,2022,40.25,-72.25,4.32,5.3,6.53,9.0,12.26,18.55,23.22,24.37,21.63,16.56,13.25,8.07,13.63
T2M,2022,40.25,-72.75,3.54,4.59,6.18,9.0,12.62,18.95,23.46,24.37,21.58,16.27,12.79,7.22,13.43
T2M,2022,40.25,-73.25,2.52,3.72,5.87,9.06,13.33,19.56,23.98,24.52,21.48,15.75,12.15,6.15,13.23
T2M,2022,40.25,-73.75,1.37,2.92,5.73,9.23,14.23,20.11,24.46,24.82,21.32,15.03,11.33,4.91,13.01
T2M,2022,40.25,-74.25,-0.86,1.76,5.67,9.63,15.73,20.73,25.51,25.59,20.93,13.54,9.52,2.61,12.59
T2M,2022,40.25,-74.75,-2.15,0.98,5.5,9.64,16.48,20.91,25.91,25.85,20.42,12.51,8.39,1.2,12.2
T2M,2022,40.25,-75.25,-2.87,0.43,5.26,9.43,16.71,20.94,25.91,25.74,19.98,11.81,7.73,0.41,11.85
T2M,2022,40.75,-72.25,2.12,3.33,5.33,8.61,12.71,18.71,23.28,24.19,20.85,15.56,11.83,5.95,12.76
T2M,2022,40.75,-72.75,1.11,2.53,5.05,8.7,13.38,19.27,23.86,24.53,20.83,15.19,11.24,4.99,12.61
T2M,2022,40.75,-73.25,0.04,1.73,4.88,8.81,14.18,19.81,24.55,24.9,20.72,14.58,10.51,3.95,12.45
T2M,2022,40.75,-73.75,-1.4,0.88,4.78,8.93,15.05,20.27,25.28,25.38,20.44,13.55,9.32,2.49,12.14
T2M,2022,40.75,-74.25,-2.93,-0.03,4.44,8.81,15.74,20.27,25.56,25.54,19.92,12.36,7.99,0.91,11.61
T2M,2022,40.75,-74.75,-3.86,-0.71,4.04,8.49,15.93,20.0,25.19,25.24,19.24,11.55,7.15,-0.16,11.08
T2M,2022,40.75,-75.25,-4.48,-1.21,3.67,8.1,15.86,19.72,24.67,24.79,18.66,10.93,6.54,-0.86,10.6
T2M,2022,41.25,-72.25,-1.12,0.87,4.16,8.41,13.98,19.24,24.06,24.44,19.56,13.93,9.51,3.06,11.74
T2M,2022,41.25,-72.75,-2.1,0.18,3.87,8.36,14.53,19.59,24.56,24.85,19.48,13.45,8.87,2.21,11.55
T2M,2022,41.25,-73.25,-3.03,-0.46,3.64,8.26,14.97,19.74,24.82,25.04,19.3,12.85,8.23,1.38,11.3
T2M,2022,41.25,-73.75,-4.18,-1.12,3.55,8.29,15.5,19.94,25.29,25.41,19.12,12.07,7.24,0.24,11.01
T2M,2022,41.25,-74.25,-5.1,-1.85,3.0,7.76,15.46,19.42,24.62,24.88,18.52,11.28,6.44,-0.73,10.38
T2M,2022,41.25,-74.75,-5.64,-2.36,2.57,7.27,15.25,18.99,23.77,24.24,17.84,10.67,5.87,-1.47,9.82
T2M,2022,41.25,-75.25,-6.1,-2.79,2.22,6.79,14.99,18.57,22.94,23.54,17.19,10.06,5.37,-2.05,9.3
T2M,2022,41.75,-72.25,-4.25,-1.28,2.95,7.87,14.79,19.29,24.52,24.57,18.09,12.17,7.28,0.66,10.63
T2M,2022,41.75,-72.75,-4.99,-1.78,2.62,7.58,14.94,19.28,24.5,24.6,17.91,11.74,6.75,0.07,10.34
T2M,2022,41.75,-73.25,-5.78,-2.39,2.26,7.23,14.99,19.06,24.25,24.45,17.69,11.25,6.19,-0.62,9.95
T2M,2022,41.75,-73.75,-5.9,-2.51,2.4,7.37,15.29,19.24,24.47,24.75,17.94,11.2,5.98,-0.88,10.02
T2M,2022,41.75,-74.25,-6.92,-3.54,1.59,6.45,14.65,18.29,23.0,23.55,16.99,10.23,5.19,-1.91,9.04
T2M,2022,41.75,-74.75,-7.38,-4.03,1.19,5.92,14.36,17.84,22.06,22.79,16.34,9.65,4.62,-2.58,8.47
T2M,2022,41.75,-75.25,-7.48,-4.17,1.14,5.71,14.32,17.69,21.58,22.38,16.0,9.28,4.37,-2.9,8.23
